grammar_lesson_id,grammar_element_id,relation_role,relation_order,review_status,notes
glesson_1412363f764e4b6e804c4a579f649313,gelement_b7265b28c7a144e9bab354737b6b130a,primary,1,approved,
glesson_1412363f764e4b6e804c4a579f649313,gelement_11f2932a68b542959aa47b381f73722c,primary,2,approved,
glesson_47131ae8ea394437a5297f42b342b73d,gelement_ec6cc25b0b79442e8d9d74398d1a25bb,primary,1,approved,
glesson_47131ae8ea394437a5297f42b342b73d,gelement_b059836e59534709a8d930279ed5aa9f,primary,2,approved,
glesson_a9c2ecd6c785436fa03139619ca2affd,gelement_dd36f653115140b8b5cbdeae4c7a48d7,primary,1,approved,
glesson_a9c2ecd6c785436fa03139619ca2affd,gelement_3a89107ea0c9479fbba9eefa3ddb8e3b,primary,2,approved,
glesson_a9c2ecd6c785436fa03139619ca2affd,gelement_8893c46c640c4e0f972964d90ebd7746,primary,3,approved,
glesson_a9c2ecd6c785436fa03139619ca2affd,gelement_8890d75b356e4f6d9aa73c4956850994,primary,4,approved,
glesson_a9c2ecd6c785436fa03139619ca2affd,gelement_9c669e02d275445aaaab5a1eb702b28d,primary,5,approved,
glesson_a9c2ecd6c785436fa03139619ca2affd,gelement_7a6b73d3fadb4ff68215bac3c78e62c7,primary,6,approved,
glesson_6fbcb4305c5d4a5d88bf76bae817835f,gelement_8a66dc49c9064b849508e0d2bb882bca,primary,1,approved,
glesson_6fbcb4305c5d4a5d88bf76bae817835f,gelement_f9917ba47bb148e1a82b18665150de7b,primary,2,approved,
glesson_5e7f55241f214616ac7cde0dbdddfd71,gelement_473a08dc7c22489c91b55e1c91d7b2d0,primary,1,approved,
glesson_5e7f55241f214616ac7cde0dbdddfd71,gelement_d1973bcb87784417bbcf30b76daaf423,primary,2,approved,
glesson_5a426c2d10734028a3898347249529d4,gelement_ec0fb2388c444048a275bd0b9e921736,primary,1,approved,
glesson_bb78882713cf4b49876d78dacf6ebf54,gelement_f6ef9004ee814a6f955a622e9f17a2ac,primary,1,approved,
glesson_bb78882713cf4b49876d78dacf6ebf54,gelement_1f932c3643834ff1b5f17478af6106dc,primary,2,approved,
glesson_bb78882713cf4b49876d78dacf6ebf54,gelement_2ef2ef38ea874b10bf3fe1ae14646015,primary,3,approved,
glesson_bb78882713cf4b49876d78dacf6ebf54,gelement_d8cb8d87f0a3453ba9c91b766ef8581e,primary,4,approved,
glesson_bb78882713cf4b49876d78dacf6ebf54,gelement_56be7ae0c57b46fcba3965aa2ffb1f4a,primary,5,approved,
glesson_bb78882713cf4b49876d78dacf6ebf54,gelement_cc70eb067ec74defb87b1f910f6d08ae,primary,6,approved,
glesson_bb78882713cf4b49876d78dacf6ebf54,gelement_6c8b1a69a18843429241619463b7012c,primary,7,approved,
glesson_bb78882713cf4b49876d78dacf6ebf54,gelement_df6521e1d5c542aaac9683b2b66b5962,primary,8,approved,
glesson_43642677d6364b81a48e4506d8a0105c,gelement_e1b5e1e7c67f47d0b664978a0b78a5e3,primary,1,approved,
glesson_43642677d6364b81a48e4506d8a0105c,gelement_e2e6b0ad870c433f9b5aa7b28a292157,primary,2,approved,
glesson_43642677d6364b81a48e4506d8a0105c,gelement_c76105f99e524b96abc79b157e318b81,primary,3,approved,
glesson_43642677d6364b81a48e4506d8a0105c,gelement_8460ff6431a6487c879eed60b20ac484,primary,4,approved,
glesson_43642677d6364b81a48e4506d8a0105c,gelement_0d700183d2cd43f088f9cba3b3c9ec81,primary,5,approved,
glesson_43642677d6364b81a48e4506d8a0105c,gelement_225786b93017465da39a94ba6ab5a673,primary,6,approved,
glesson_43642677d6364b81a48e4506d8a0105c,gelement_eaa3ae93dc6e4b3fa66e83335270f434,primary,7,approved,
glesson_43642677d6364b81a48e4506d8a0105c,gelement_4d9f2e56c1ac41098e4bb04f6f66cbf0,primary,8,approved,
glesson_43642677d6364b81a48e4506d8a0105c,gelement_19fe732836d64198935d5d95e618f81f,primary,9,approved,
glesson_43642677d6364b81a48e4506d8a0105c,gelement_55bb61da524d4411ae242addc35c80d5,primary,10,approved,
glesson_43642677d6364b81a48e4506d8a0105c,gelement_d956692593bf4ed8aabb6caf69c397ba,primary,11,approved,
glesson_1a3df179f68d4d33aa38254927c24dbc,gelement_e760d8a11bfc4e19a79a1d5e83762d97,primary,1,approved,
glesson_1a3df179f68d4d33aa38254927c24dbc,gelement_47434a2747b84952b404163ddba1fd4c,primary,2,approved,
glesson_1a3df179f68d4d33aa38254927c24dbc,gelement_65278c4a546d4905bb4e6eb9747fd52b,primary,3,approved,
glesson_1a3df179f68d4d33aa38254927c24dbc,gelement_5d912da613d7461fb832e68a6cd14d89,primary,4,approved,
glesson_1a3df179f68d4d33aa38254927c24dbc,gelement_30da606e540d4b5b9a3b9aaa9661aac6,primary,5,approved,
glesson_1a3df179f68d4d33aa38254927c24dbc,gelement_77bf8438063c4f66a664cafb4f357e86,primary,6,approved,
glesson_1a3df179f68d4d33aa38254927c24dbc,gelement_6f5698b717094411a2e11adcfed0aac7,primary,7,approved,
glesson_1a3df179f68d4d33aa38254927c24dbc,gelement_d1175907501349dfa1ac211916d6db92,primary,8,approved,
glesson_1a3df179f68d4d33aa38254927c24dbc,gelement_cb49c021e6e649c994f03bf1bc4a57f4,primary,9,approved,
glesson_1a3df179f68d4d33aa38254927c24dbc,gelement_032de32bb4f5456983082176672187c5,primary,10,approved,
glesson_1a3df179f68d4d33aa38254927c24dbc,gelement_4a0bc997bdc942a595a3535d384db654,primary,11,approved,
glesson_1a3df179f68d4d33aa38254927c24dbc,gelement_4b9a45689f094d7281c2e17545017953,primary,12,approved,
glesson_6360c8ccc591431488f7006797127eb7,gelement_4c697c49a513486686d167992a898d2a,primary,1,approved,
glesson_6360c8ccc591431488f7006797127eb7,gelement_d1cf631f50d94ac68ec3de34921213f4,primary,2,approved,
glesson_6360c8ccc591431488f7006797127eb7,gelement_19169a81581b4ca08a89a3bfa470e771,primary,3,approved,
glesson_6360c8ccc591431488f7006797127eb7,gelement_8e720839e160476fb245530a46ef0741,primary,4,approved,
glesson_6360c8ccc591431488f7006797127eb7,gelement_a07fe4a27f204babac78b2d2c92b187e,primary,5,approved,
glesson_6360c8ccc591431488f7006797127eb7,gelement_b7dfc09a2ed64e48b5cf679bd6617981,primary,6,approved,
glesson_6360c8ccc591431488f7006797127eb7,gelement_cc1124189e214998956fa0111f72d8f5,primary,7,approved,
glesson_6360c8ccc591431488f7006797127eb7,gelement_9f625c4306af4b39a5d9d8c7767907e6,primary,8,approved,
glesson_6360c8ccc591431488f7006797127eb7,gelement_497dae9abc0a4e70b448de96ae7c082f,primary,9,approved,
glesson_6360c8ccc591431488f7006797127eb7,gelement_be6b840d25d548cfa24ea974f4e6ed8c,primary,10,approved,
glesson_6360c8ccc591431488f7006797127eb7,gelement_eecf79d4fe9d431392dbcab62a22312d,primary,11,approved,
glesson_6360c8ccc591431488f7006797127eb7,gelement_e829b70e52294b1c89f12360531b5922,primary,12,approved,
glesson_d7cad090d9554245a5dbed09caa87826,gelement_bdcc1eb9b68642709fef038f9c56356d,primary,1,approved,
glesson_d7cad090d9554245a5dbed09caa87826,gelement_e75afce261e84221ac67aa5deb20aa6e,primary,2,approved,
glesson_d7cad090d9554245a5dbed09caa87826,gelement_665373a62d0645feb3adfdb5ad3ece47,primary,3,approved,
glesson_d7cad090d9554245a5dbed09caa87826,gelement_70962b08c7dd41ccbc1be94196b01ba5,primary,4,approved,
glesson_d7cad090d9554245a5dbed09caa87826,gelement_98f02d22278e40b49046a108c7d310d7,primary,5,approved,
glesson_d7cad090d9554245a5dbed09caa87826,gelement_4eab0ee35d744fbf90c6ea487c1a4e05,primary,6,approved,
glesson_d7cad090d9554245a5dbed09caa87826,gelement_a5965b5d9fb34358ab05157655564928,primary,7,approved,
glesson_d7cad090d9554245a5dbed09caa87826,gelement_29037706df2a4903889a547f54515ca8,primary,8,approved,
glesson_d7cad090d9554245a5dbed09caa87826,gelement_52857fce7e244dab86941250a5f2ea4b,primary,9,approved,
glesson_d7cad090d9554245a5dbed09caa87826,gelement_0531444a711c43b4821ae70074474565,primary,10,approved,
glesson_d7cad090d9554245a5dbed09caa87826,gelement_159a59e980454a6c9a573b1b8a62306d,primary,11,approved,
glesson_d7cad090d9554245a5dbed09caa87826,gelement_53b2e31ee82e45f0a51fa55ca9149554,primary,12,approved,
glesson_d7cad090d9554245a5dbed09caa87826,gelement_3110f36b6db64b4793adad99f1b5fe09,primary,13,approved,
glesson_d7cad090d9554245a5dbed09caa87826,gelement_102e52ec717e4c9b8d53fb91499f6028,primary,14,approved,
glesson_d7cad090d9554245a5dbed09caa87826,gelement_81fc184517c148ffa339ab5a27d6e8c0,primary,15,approved,
glesson_92993e435fd2485884e66731507a89a7,gelement_16ca3743bd1b4fdaace118a1c4ddf435,primary,1,approved,
glesson_92993e435fd2485884e66731507a89a7,gelement_e48385f7ba384459830b1584718c1f69,primary,2,approved,
glesson_92993e435fd2485884e66731507a89a7,gelement_1f8936dea6b644d6bf23abe173f744bf,primary,3,approved,
glesson_92993e435fd2485884e66731507a89a7,gelement_c95ad02a7d2f44c280e582a561e6b1a5,primary,4,approved,
glesson_92993e435fd2485884e66731507a89a7,gelement_b10be416b307433a87390843e5a92c18,primary,5,approved,
glesson_92993e435fd2485884e66731507a89a7,gelement_cf3258c0e7a34024a506ca7651c7f4b1,primary,6,approved,
glesson_92993e435fd2485884e66731507a89a7,gelement_d265a71d2bed49f481e63209583ad339,primary,7,approved,
glesson_92993e435fd2485884e66731507a89a7,gelement_f7ca75c0698545cf9117bfa3e5388814,primary,8,approved,
glesson_ffcb8ee873944afc831b07219d8b60c4,gelement_cbf9606281d3493b8bbad441e6946592,primary,1,approved,
glesson_366fff0d896542d0921adc449244e8df,gelement_769a7798ae1a484f86bf20e35522ae8d,primary,1,approved,
glesson_366fff0d896542d0921adc449244e8df,gelement_4ce8818bebbb46da991cae247bdc37b9,primary,2,approved,
glesson_366fff0d896542d0921adc449244e8df,gelement_bce42ed3a863431e8ce38011cb40b803,primary,3,approved,
glesson_366fff0d896542d0921adc449244e8df,gelement_54383d00c9e040a18b0a8cc42d8f94ad,primary,4,approved,
glesson_366fff0d896542d0921adc449244e8df,gelement_faa0da1579d943abad220a0f61114147,primary,5,approved,
glesson_366fff0d896542d0921adc449244e8df,gelement_69c9b257acfc4f2f8d20a5181068aa5c,primary,6,approved,
glesson_366fff0d896542d0921adc449244e8df,gelement_9178dcb4a70d491182a90ddbe7007557,primary,7,approved,
glesson_16cda7aefaaf49eebd4327366d43cb10,gelement_141f9a2540d54bb992a3dd93b01779f5,primary,1,approved,
glesson_16cda7aefaaf49eebd4327366d43cb10,gelement_eb0bf178e84f47e9ab0d0fbe7f2e47ee,primary,2,approved,
glesson_16cda7aefaaf49eebd4327366d43cb10,gelement_5d7de1cba7074c3fafc3146ad52142d8,primary,3,approved,
glesson_16cda7aefaaf49eebd4327366d43cb10,gelement_f8845848e285413f8514f7b9dccb6429,primary,4,approved,
glesson_16cda7aefaaf49eebd4327366d43cb10,gelement_6130f48ca8e442a7bca55ec058976199,primary,5,approved,
glesson_4352b1a2159746fd89c742e39cd0668f,gelement_9e115b6cf8c14f5681980d7a833bd59a,primary,1,approved,
glesson_ba7347a31d784cbca5182e1d566478fe,gelement_79d5cb73c61e4f7a8d326c75ad3ab198,primary,1,approved,
glesson_ba7347a31d784cbca5182e1d566478fe,gelement_311e553831a34543813310c7c33904aa,primary,2,approved,
glesson_25b211801b454d9ba2a99a519ff3d998,gelement_b8665d534c154fe5b4bde3595424c9a0,primary,1,approved,
glesson_7fb2f8481a4c4d02942993747c989fcc,gelement_e8bc3d2e18334230a6acce1a31620d92,primary,1,approved,
glesson_7fb2f8481a4c4d02942993747c989fcc,gelement_3fb8042e1ebb4a9dae3481700ac10540,primary,2,approved,
glesson_8045fc9617b844d1bea15d13eeab2498,gelement_a60d56763edd4758adf9fc03bb12fd01,primary,1,approved,
glesson_8045fc9617b844d1bea15d13eeab2498,gelement_ae55dd6f23c64d229debda563a429198,primary,2,approved,
glesson_8045fc9617b844d1bea15d13eeab2498,gelement_0848f17eaaf44eb793d8cad80c47e684,primary,3,approved,
glesson_774188c53155422ea5f9f9d9176814f4,gelement_4de22919d2d44c9a8077d864b648637a,primary,1,approved,
glesson_74aaea9ca06346b8b9c1126fb6e0915e,gelement_231cf6fc070548549013b3c5e8778a5c,primary,1,approved,
glesson_74aaea9ca06346b8b9c1126fb6e0915e,gelement_eb332a8ff1534de5822d30ceb310e18d,primary,2,approved,
glesson_0e77d991e9a346519efa66a6c5882497,gelement_e498f91673f64226b98be2a9dac0b18d,primary,1,approved,
glesson_a74fcd39ad2c4fb59a14ed3cf69e5f45,gelement_9b24ead5baa4441dba26d9a9e642cda1,primary,1,approved,
glesson_1a09481348024cffac4caba31e71ccb6,gelement_0e26489ecb7740a6a836ea4537dfb860,primary,1,approved,
glesson_5a0310b4cf854089997508807c121c78,gelement_ff8baf3e9fd2418481a45fac68dcc311,primary,1,approved,
glesson_5a0310b4cf854089997508807c121c78,gelement_8eaaf40fdfd046da939058da7452f7d3,primary,2,approved,
glesson_5a0310b4cf854089997508807c121c78,gelement_d1427939ada44d56b07a9d2be2d63987,primary,3,approved,
glesson_5a0310b4cf854089997508807c121c78,gelement_6d8fc2d31338471b85e14bd32c5395e6,primary,4,approved,
glesson_5a0310b4cf854089997508807c121c78,gelement_05f2c1c21f5f413c84ff097ec9e5a5ed,primary,5,approved,
glesson_5a0310b4cf854089997508807c121c78,gelement_6e1a60abc4d14070a7ce18433cdb9382,primary,6,approved,
glesson_b94351c5fad2413b9981abea6bd8ba95,gelement_1c6820a111df4063b7e43bbc9d54015f,primary,1,approved,
glesson_8a50ad5ec1cf47199bad98e7b15fbbfb,gelement_d3b7e732c22149f8a878c62c7e02922d,primary,1,approved,
glesson_2168b15d20824e47b75dfa55e28dbf3b,gelement_6568409fcccf4305be5dc259f7dc5734,primary,1,approved,
glesson_1fc581dad530442fa886235a4e4f7d9d,gelement_32a436e8e63a4a8287c1a424f9759738,primary,1,approved,
glesson_4d919eed7b9347febdef9633d1781586,gelement_1ccf20e7a20744f08a1bf3be2c6f6b58,primary,1,approved,
glesson_550e903fb0ab4a659570c5c0220af87d,gelement_39be1f69e9334636950e34f51d80623f,primary,1,approved,
glesson_627f84e67bba43b397e2c78ba24d0683,gelement_9c4a48936289472d87c9f7ac4ece82a7,primary,1,approved,
glesson_9a5f822d74fe4c839e358a1bc3acfd9b,gelement_ba781e25e5c9448e8a46f90acd57e89d,primary,1,approved,
glesson_29e6003d76324040b5569af989f757da,gelement_336155e1e97e47d4867aef6ae177cdba,primary,1,approved,
glesson_29e6003d76324040b5569af989f757da,gelement_13bcd1222d2b4141a300a9f0644af2d1,primary,2,approved,
glesson_29e6003d76324040b5569af989f757da,gelement_0a67f613d91347dcbc76bce790ee760e,primary,3,approved,
glesson_4eb138b94d8f4d2995ed9c5d082a8f28,gelement_0060b621bc9c4bea8558ca495dcda8da,primary,1,approved,
glesson_4eb138b94d8f4d2995ed9c5d082a8f28,gelement_3771007315904e76bc120a3ca4b75b2f,primary,2,approved,
glesson_4eb138b94d8f4d2995ed9c5d082a8f28,gelement_f23390ccfceb4bc6b2018dce2553b9d5,primary,3,approved,
glesson_4eb138b94d8f4d2995ed9c5d082a8f28,gelement_ba76d5fd71884925a41142508a990c4d,primary,4,approved,
glesson_a7ca54ff385649f5a6c3f1bfa66f4cba,gelement_1ec032ecc39a46b7baab34a526b7921d,primary,1,approved,
glesson_a7ca54ff385649f5a6c3f1bfa66f4cba,gelement_12de4653eab84bb09a0697cd0d70ab85,primary,2,approved,
glesson_537d191c1b5c4bb596cb5b0152173131,gelement_71447aceffe74483856fd2df975de125,primary,1,approved,
glesson_537d191c1b5c4bb596cb5b0152173131,gelement_028e92c3d3984fe690904f3f06fef5c8,primary,2,approved,
glesson_537d191c1b5c4bb596cb5b0152173131,gelement_a753bb69506343c3a185837985a8a6e7,primary,3,approved,
glesson_27ecd777a2564adaafe8770a1d6b61ba,gelement_7ad4332f431347d39f8637ab247b62cd,primary,1,approved,
glesson_27ecd777a2564adaafe8770a1d6b61ba,gelement_6792a39db526460a9147472507d83723,primary,2,approved,
glesson_27ecd777a2564adaafe8770a1d6b61ba,gelement_3cd62e2fb8f3470aad5da162e60036f5,primary,3,approved,
glesson_fc44a931c80d4e79b32a28b5c7e4c29c,gelement_b5c61d54bdd047e983d3cb755804aae3,primary,1,approved,
glesson_fc44a931c80d4e79b32a28b5c7e4c29c,gelement_202ba6d8af424058a3e64f24eeda3d44,primary,2,approved,
glesson_fc44a931c80d4e79b32a28b5c7e4c29c,gelement_f09db3f2b04749cdba41b20a14ef6b06,primary,3,approved,
glesson_fc44a931c80d4e79b32a28b5c7e4c29c,gelement_d902d09928274808a7f57c2e14ce2f9e,primary,4,approved,
glesson_59f6ebf93bea45fc8fd173609a6b93f7,gelement_61264ae401b145d2ac3a8e04f1c02f24,primary,1,approved,
glesson_d3d1433d431346659fad3a64d2d182b4,gelement_570bb8aec88b41a6aab59d9a131b0fb9,primary,1,approved,
glesson_65cef66ccadb4bda94ba9c6ba8ee5533,gelement_c17b2d9dae914028a5bd078908796f16,primary,1,approved,
glesson_605ba97eb84f4d5980bf26497ddab505,gelement_a9f5915116a0451ca6f4efbe49775f93,primary,1,approved,
glesson_30e3fcafb95040e2a6f3deee108b10e8,gelement_15fa1378a7a04f42a245629ed08fc3fc,primary,1,approved,
glesson_516cbfcecf1e41348048f4929d6e3627,gelement_6fe0423659034c669ce944fba716458e,primary,1,approved,
glesson_09d85cc1ba6e4814b12be153e06f304c,gelement_bcb67b35e0e4417c96a4a39017eaeb16,primary,1,approved,
glesson_c64087e117dd44169bd7781d5af92a73,gelement_91beea8e98ad4cc8875f7b61e310cf2c,primary,1,approved,
glesson_9cce8dd18eab4193b8fd140c593e243a,gelement_fba6462ed09d4e75b8d24bb09ba5007d,primary,1,approved,
glesson_53b9d25d39a241d0a380f9f6971ed5b3,gelement_8eb42fd503b6433b863ac05e64156496,primary,1,approved,
glesson_9529a9ee5dd346bcb03610816cefc5c7,gelement_5f9017ec1902408f928a526ac09af488,primary,1,approved,
glesson_7e7ea63f64d44d4882dfecb1f9a1b809,gelement_023ddbdfaa5547ac8c084c7fdc8071bf,primary,1,approved,
glesson_cd34aec214fe4a9cabbf2f3af75c073c,gelement_8d6da5f855fe4532a122111f858f9181,primary,1,approved,
glesson_a969cfb59bc94ffe9e4cfe7d987bed9c,gelement_b109789a94154c708fb7bb28b66ee4ea,primary,1,approved,
glesson_2591dabcc1884f9abb97f4a2f22ff0b6,gelement_10a03f265ed34b6e96bdbb01028a8b03,primary,1,approved,
glesson_da3d25b747b946389f9953cd5238b2f2,gelement_3f37492906d7467a8a4459e59bbc39a9,primary,1,approved,
glesson_63b7cbccafa74b23bbd5aa16e6d062da,gelement_806720070f57489c8a0cfe99adc46a81,primary,1,approved,
glesson_48a062355f864c48b758a0b01ef35199,gelement_ae30c784dfa743119e671d5c142bb21e,primary,1,approved,
glesson_2d8af7f2d3cf4844a8b8092c733e4ae6,gelement_d0fb623a01fe4919b7218b33479ffb36,primary,1,approved,
glesson_db21663d6ac94570a7bf0deebcd4c748,gelement_1d5f4d30470d479e87840416aa71bc0a,primary,1,approved,
glesson_2232c0c8bc1142afa9218cd5d1ed8c8b,gelement_5833ff2afdad4c84a88126ed6029713e,primary,1,approved,
glesson_1c532271cd2640b49271c5a329873b24,gelement_fab30cfa711444f3a7513679777f3819,primary,1,approved,
glesson_e905b001675443aca8517dd361e94872,gelement_592dd1d340a64895812be9c974a28f55,primary,1,approved,
glesson_36fbed7cb60f418fb1fcde9d82fc8d3c,gelement_f609c5b1b9874977ac1a4f5dd6f47604,primary,1,approved,
glesson_36fbed7cb60f418fb1fcde9d82fc8d3c,gelement_e5d6d033fb554376aaac73acde128aec,primary,2,approved,
glesson_f5920fa0a3c042a48c647c76dd37c313,gelement_e77a0788e3884ec8b812ca8fc3c85510,primary,1,approved,
glesson_f5920fa0a3c042a48c647c76dd37c313,gelement_644bcc35b2964dc99edefc3f5e98b45c,primary,2,approved,
glesson_21bd039e25d64151956190fa42876f2f,gelement_afad040d164d45c7a3e67745ca67dc73,primary,1,approved,
glesson_7152d114a79049a4993f58b6c7847994,gelement_0d3fcae3cb80440a8a9caad8e6978186,primary,1,approved,
glesson_7152d114a79049a4993f58b6c7847994,gelement_df7899e2d9ad4822bcb639977f92eae1,primary,2,approved,
glesson_945b84d2096b4309acee40e0e2adbc2b,gelement_38c782143598477ab4c6a0e0b1551e7b,primary,1,approved,
glesson_558b9ebc01934fa89f4eecfe76570426,gelement_97427567402341af8f99d0bf2119abe1,primary,1,approved,
glesson_558b9ebc01934fa89f4eecfe76570426,gelement_4ff9028033424c48bce1b9628fcf5149,primary,2,approved,
glesson_558b9ebc01934fa89f4eecfe76570426,gelement_b72213f8f5c0451dadb05fe672debcd7,primary,3,approved,
glesson_558b9ebc01934fa89f4eecfe76570426,gelement_0e7a9058985b4097a51b36b3d35d693a,primary,4,approved,
glesson_8e74d0cdc0324dcaa7ace1d175619c98,gelement_eb726b3d10d44245adabbb19d5e63b7c,primary,1,approved,
glesson_8e74d0cdc0324dcaa7ace1d175619c98,gelement_cf53be8b4bbb49b7b22becff4733ae70,primary,2,approved,
glesson_8e74d0cdc0324dcaa7ace1d175619c98,gelement_526a60a779d94a7caa5757078fdc2417,primary,3,approved,
glesson_b8e097ea884c4549b8f6422ad2a796a0,gelement_15ecab3be109435ca0ccffcc06d370fa,primary,1,approved,
glesson_8b0a999cf2e14b5ca047ac7de31d2997,gelement_2d5e65f0a6e140f1a9e2d9743847eee6,primary,1,approved,
glesson_8b0a999cf2e14b5ca047ac7de31d2997,gelement_d76a396b72c647999640435597e3ce19,primary,2,approved,
glesson_a91ecbb9ff784ac392a137fb2dbd5cdf,gelement_558ab6be40a541b5b41a7915df61e84e,primary,1,approved,
glesson_a91ecbb9ff784ac392a137fb2dbd5cdf,gelement_63009f492668415993694ce84134fc66,primary,2,approved,
glesson_a91ecbb9ff784ac392a137fb2dbd5cdf,gelement_48625bab541d451a895f1f7fcbe76a16,primary,3,approved,
glesson_a91ecbb9ff784ac392a137fb2dbd5cdf,gelement_79b7fab83b6b477e93b09315960efa61,primary,4,approved,
glesson_9e1e81c523f44c8cbc6c147e92033433,gelement_a87e802d9e374f6cb25d50f99f974d56,primary,1,approved,
glesson_9154adcdd1eb445d81f9f1b9e0f52031,gelement_1b8ebd108e374390940f938ff4371414,primary,1,approved,
glesson_9154adcdd1eb445d81f9f1b9e0f52031,gelement_645edbcc339043f28f4a0d62131b0644,primary,2,approved,
glesson_9154adcdd1eb445d81f9f1b9e0f52031,gelement_89b4b3038b5a4d8da618e0da573d25cc,primary,3,approved,
glesson_9154adcdd1eb445d81f9f1b9e0f52031,gelement_694bc9008f964306ba87a371a9397244,primary,4,approved,
glesson_5e7829e104354662a78adeb2b1d2dff9,gelement_5288e7852cdc4c0db93543d939c158be,primary,1,approved,
glesson_80527658633340f598660551f1dd2e41,gelement_927cabd9146648fba0d50f8152667b47,primary,1,approved,
glesson_125dc9b62eb74fe4bbc800701647cd66,gelement_0d7be292f82844eda5e084624f2088a4,primary,1,approved,
glesson_125dc9b62eb74fe4bbc800701647cd66,gelement_e1e5eb28574845b6ac677d5888bd8e7f,primary,2,approved,
glesson_125dc9b62eb74fe4bbc800701647cd66,gelement_09df39837e1d48658f1251d69c1da1c2,primary,3,approved,
glesson_125dc9b62eb74fe4bbc800701647cd66,gelement_8ed4ab8539eb4192b6d18e14a8c894b8,primary,4,approved,
glesson_125dc9b62eb74fe4bbc800701647cd66,gelement_4d35c207ae4842a283d2d9da5faaefd1,primary,5,approved,
glesson_cd8068aa406c4cf9973d0172420ae334,gelement_d2768e50f2f9426abcdaef623f3e4b15,primary,1,approved,
glesson_cd8068aa406c4cf9973d0172420ae334,gelement_50304e6387404f618d3657c8d078809d,primary,2,approved,
glesson_44413e91370f40a69c2f6302b2076397,gelement_d10e58fcb7a94b6cb8ca30f72acc6ff5,primary,1,approved,
glesson_44413e91370f40a69c2f6302b2076397,gelement_6da6c91e6e8845068663adf4200719d0,primary,2,approved,
glesson_44413e91370f40a69c2f6302b2076397,gelement_43899016b5ab4b9dbe1d84dabce4a631,primary,3,approved,
glesson_48ee165d96084cee99e07d3fc899fa39,gelement_6c745b0142ae48da8f090c44e1aafa30,primary,1,approved,
glesson_48ee165d96084cee99e07d3fc899fa39,gelement_c35dbd0ba9d34a60966a54104291aefc,primary,2,approved,
glesson_48ee165d96084cee99e07d3fc899fa39,gelement_dadebc1baa3f4a6390f3c04c9987fd64,primary,3,approved,
glesson_48ee165d96084cee99e07d3fc899fa39,gelement_157c63523d1e456ab3a0cc4b43bedb95,primary,4,approved,
glesson_7120c20f6c874ce5b1af39be029dfd59,gelement_355a00010ad647e794c38b52d3ef46a3,primary,1,approved,
glesson_2ada6849a2bc4a1f9e2abad367cf7408,gelement_ccabcde8c07343c895b0cc39cce4589a,primary,1,approved,
glesson_1f5b7591c8de4534a071d4e868fa3f63,gelement_25cc393d074a47a490be1285bbfb5451,primary,1,approved,
glesson_1f5b7591c8de4534a071d4e868fa3f63,gelement_d892f9aebf9f448f9a66368ec6718f01,primary,2,approved,
glesson_1f5b7591c8de4534a071d4e868fa3f63,gelement_badce7b365884bd88dcb4edf4af1d1c1,primary,3,approved,
glesson_c9eb971d6b9c48a191b9422e545b52e3,gelement_e1d0f2dbb2384f9b91234b703b971f4c,primary,1,approved,
glesson_32b7676dc1714d9390f46157a5251722,gelement_0a485f80ea5241f3be43b3b7af710562,primary,1,approved,
glesson_32b7676dc1714d9390f46157a5251722,gelement_378ca396d5294e75be314bda7c747ffc,primary,2,approved,
glesson_32b7676dc1714d9390f46157a5251722,gelement_1238f208be4648deb73e5ee276e3403d,primary,3,approved,
glesson_32b7676dc1714d9390f46157a5251722,gelement_5b9de1c143674195a1781576a263901e,primary,4,approved,
glesson_32b7676dc1714d9390f46157a5251722,gelement_6c8d3b2e23f74a45ba819ce2f50144dd,primary,5,approved,
glesson_32b7676dc1714d9390f46157a5251722,gelement_1029c94420364515b2abf5d894788f9b,primary,6,approved,
glesson_32b7676dc1714d9390f46157a5251722,gelement_05736f3f03d041beb856881aaea07c56,primary,7,approved,
glesson_8b5643c69b5541b087e6806ecef94f7e,gelement_189a9264bb8942c3932dcbaec7bd118d,primary,1,approved,
glesson_8b5643c69b5541b087e6806ecef94f7e,gelement_ab4bc14917664677b660394dbc1657a0,primary,2,approved,
glesson_6eec0008af9b4d6fbc582149b6303e6e,gelement_05d9d26e873746158cb0ff9298cc912c,primary,1,approved,
glesson_645bec7bf7d34fab8a8a2dd3559217e8,gelement_39be2073c23943338abe83c4de4e3886,primary,1,approved,
glesson_645bec7bf7d34fab8a8a2dd3559217e8,gelement_1718724a3e2c4dc3b8135af4a8faf509,primary,2,approved,
glesson_527c85c04e5b411f83b5db806dc52df8,gelement_78468181c7734ec1b50654d138e25f65,primary,1,approved,
glesson_527c85c04e5b411f83b5db806dc52df8,gelement_a8ab68cc94db4257b8dd7c25b025845e,primary,2,approved,
glesson_527c85c04e5b411f83b5db806dc52df8,gelement_71f7267b0b774e98910c66b355661ca6,primary,3,approved,
glesson_55984ca37edd412280de4d44daaa9275,gelement_88fd398ff0324169beee7bb31a4fab66,primary,1,approved,
glesson_6d2bab0c242a402a809aabb3179c3e00,gelement_c1b53f254c5f4206b45ae202f08ee602,primary,1,approved,
glesson_5e8e696279814a90be92d5a941dd0a09,gelement_55fa718dfa5d49819f36c00cda497cf1,primary,1,approved,
glesson_77963a8dd549420597887a52f0701f48,gelement_a6d76f732e1740dfbb1500883392e983,primary,1,approved,
glesson_a0dc28dcfc874f248315ca3e394ff720,gelement_5062673e63bf4cdd859a78e40f4965e0,primary,1,approved,
glesson_db995a72a5ac4c5b855161e5e39a7d72,gelement_01e8da38441e480e9f1298dec033d8de,primary,1,approved,
glesson_46b84a7de49e4772a750a61d5bec8cc9,gelement_13fea372265a472ba1a4a60829494ddd,primary,1,approved,
glesson_77b3c6754a5e4c1d97dc166a76a2db8d,gelement_79ec995ab8754922b1a80e540ab20e06,primary,1,approved,
glesson_b49ce6a5128c454fa3be3acb1540abf7,gelement_9ff5a3054e73436fb107de82df771970,primary,1,approved,
glesson_b49ce6a5128c454fa3be3acb1540abf7,gelement_e221db2f55c64d2cbfa4bec909deb876,primary,2,approved,
glesson_b49ce6a5128c454fa3be3acb1540abf7,gelement_5efb1e963dbe4f4eaf14354629c43723,primary,3,approved,
glesson_b49ce6a5128c454fa3be3acb1540abf7,gelement_8612798ed74c4f2f9d274dcc16ad64ef,primary,4,approved,
glesson_b49ce6a5128c454fa3be3acb1540abf7,gelement_0b57985300a7412fa7d0c02280c18807,primary,5,approved,
glesson_b49ce6a5128c454fa3be3acb1540abf7,gelement_a1192c4efe74489f88fdc88453ed7b20,primary,6,approved,
glesson_b49ce6a5128c454fa3be3acb1540abf7,gelement_5d834594d32043f4a4b2201d2d96b8e9,primary,7,approved,
glesson_15acb1d75c46459f99b079ced557b9b0,gelement_2a55526e8bba4c4d8660858a0979b631,primary,1,approved,
glesson_15acb1d75c46459f99b079ced557b9b0,gelement_8ca560555522451fa23470003dfb5033,primary,2,approved,
glesson_e8f9265e5c9d4c4f8dcdc6d045857372,gelement_26c71cafee7e415a8a3654492b2e3550,primary,1,approved,
glesson_8b55af09f88745a6af81c4cde9573d68,gelement_e055423eec734f6e8a5e25b32b2f54e6,primary,1,approved,
glesson_ae778daeb15447bea503c3e2bea7e4a2,gelement_0874e21f369a48e3bb058364531c3c48,primary,1,approved,
glesson_ae778daeb15447bea503c3e2bea7e4a2,gelement_286ce25ba48b48878c7041148f74bb3e,primary,2,approved,
glesson_ae778daeb15447bea503c3e2bea7e4a2,gelement_f296ff29ac5143669c2432fcc69083d4,primary,3,approved,
glesson_ae778daeb15447bea503c3e2bea7e4a2,gelement_436eddda16814681ade0deeff80187c9,primary,4,approved,
glesson_36e95abd2250415aa183464effa23390,gelement_1df7fa2aeff74e2d963a4cea727433e9,primary,1,approved,
glesson_bee3f7b4aa384c42b6795c0adb6d56f9,gelement_941c3e6fc9b3421ca7716606d925e807,primary,1,approved,
glesson_5de2d33fd67d4f0ea3f7855d4e242d82,gelement_d1d79e441cdb4fc484421ba3e52aaee0,primary,1,approved,
glesson_6d88ea2c75964933848765ca878452de,gelement_1904386d850149f58af0449d56b79cb2,primary,1,approved,
glesson_d7e5255c5b514cceb4c30bfa044800dd,gelement_1a3ba5f63ad3479aa3c45a6bd569079a,primary,1,approved,
glesson_5bedc574f1b04b7d8102149208a70c88,gelement_d79185ebee0e4577b98009231b0556b3,primary,1,approved,
glesson_20fbb3d2482a4bb1b9e153a9ad33fbdf,gelement_f5b5526e381840748afb920d44fab8af,primary,1,approved,
glesson_e3981bef253e46c48e9f20daecf6002f,gelement_640ac4b94dde4825bf27033ae611532e,primary,1,approved,
glesson_1c115b4f31ce47338c90eacee08d91c1,gelement_279457444c29492ab43923a4248efe4e,primary,1,approved,
glesson_05bde99c7379415a9e1067abc6f1e4ce,gelement_7c35247ade1c4fbc8ef273d947e832a8,primary,1,approved,
glesson_05bde99c7379415a9e1067abc6f1e4ce,gelement_3c5d4a1f0eca42fca0b9c48883b25c78,primary,2,approved,
glesson_05bde99c7379415a9e1067abc6f1e4ce,gelement_ec994b96303142d890a5ea5968da1e10,primary,3,approved,
glesson_5029adfdc6f545af98383219c99bfa91,gelement_6b1222ef97c94147b339af4bff30c468,primary,1,approved,
glesson_badca6da43d5461281a859c1d488ba49,gelement_e4018ddfa0cd441bb774f186ddeed945,primary,1,approved,
glesson_9ef8d5cea59d47638f54e8f4a61765e1,gelement_fef70314bdef441985283bcce355cf4f,primary,1,approved,
glesson_8f0d645b2a3f4c93abb66903f3c5558f,gelement_3806ea7639494792af8a78582c319157,primary,1,approved,
glesson_8f0d645b2a3f4c93abb66903f3c5558f,gelement_0b1e35a272554e51a3a34fc9ad723187,primary,2,approved,
glesson_47f3b0ed04bf4a36a6956dd0695c632a,gelement_5104a626831f44a5ae6b5378a0124468,primary,1,approved,
glesson_47f3b0ed04bf4a36a6956dd0695c632a,gelement_98a42777100746e28bcbf22ae3c9e146,primary,2,approved,
glesson_47f3b0ed04bf4a36a6956dd0695c632a,gelement_f093198e0b4d4081a3255e0856eaae79,primary,3,approved,
glesson_47f3b0ed04bf4a36a6956dd0695c632a,gelement_f3d88a7e4c6d4d459b3049c9387b2355,primary,4,approved,
glesson_47f3b0ed04bf4a36a6956dd0695c632a,gelement_39bca8db337d4190a65e73ba199f01fd,primary,5,approved,
glesson_01b862ef28b441d2bc831c4224c8cc4a,gelement_2403d12331594597bfcf087e7f29d327,primary,1,approved,
glesson_01b862ef28b441d2bc831c4224c8cc4a,gelement_e918b0252210432aab006d96efeeffed,primary,2,approved,
glesson_f31d698d638445f1a9feb41d157fe04b,gelement_8df94ce16f7044b490400fa34bb3543a,primary,1,approved,
glesson_f31d698d638445f1a9feb41d157fe04b,gelement_1e40602780ac4e5985bca33c12e4de9e,primary,2,approved,
glesson_f31d698d638445f1a9feb41d157fe04b,gelement_a24d19eb57114f6ab0226892e4b135e9,primary,3,approved,
glesson_f31d698d638445f1a9feb41d157fe04b,gelement_8d4212eb64594208b1e02ca7d687770f,primary,4,approved,
glesson_f31d698d638445f1a9feb41d157fe04b,gelement_fa9c56336b2d484c894659cb51e4dd74,primary,5,approved,
glesson_f31d698d638445f1a9feb41d157fe04b,gelement_02d07e9f7bd34f0f9617d859202d3930,primary,6,approved,
glesson_ee41e6416f824d27b1eb8c57691de21b,gelement_ad11859f06ea4945884d280c6a0227ab,primary,1,approved,
glesson_ee41e6416f824d27b1eb8c57691de21b,gelement_d894c4a1a70843f4bd0a3057c15c8c54,primary,2,approved,
glesson_ee41e6416f824d27b1eb8c57691de21b,gelement_1a2c0679df264d52b1dd0c1aca693132,primary,3,approved,
glesson_ee41e6416f824d27b1eb8c57691de21b,gelement_44f8857b62684d0dbfdfe94b1eea014e,primary,4,approved,
glesson_ee41e6416f824d27b1eb8c57691de21b,gelement_a86ca8e6d44646a0b391a74aff44f4ab,primary,5,approved,
glesson_ee41e6416f824d27b1eb8c57691de21b,gelement_c9868425f6c44e2a8da73a79d5c9e7c4,primary,6,approved,
glesson_ee41e6416f824d27b1eb8c57691de21b,gelement_630c22f7d9b443049c1a45e3853c5f9b,primary,7,approved,
glesson_ee41e6416f824d27b1eb8c57691de21b,gelement_c10116b7be8e46c4a9c139164a4acd7e,primary,8,approved,
glesson_ee41e6416f824d27b1eb8c57691de21b,gelement_6bcca1d9df3c4f8bb7265a4fce05a182,primary,9,approved,
glesson_ee41e6416f824d27b1eb8c57691de21b,gelement_7bffa7375fc4424d990807828868178c,primary,10,approved,
glesson_ee41e6416f824d27b1eb8c57691de21b,gelement_a2dd1224e5ce47bd933bad524cf69cfa,primary,11,approved,
glesson_ee41e6416f824d27b1eb8c57691de21b,gelement_1f3d2711d70a427d879be23ef7c145c5,primary,12,approved,
glesson_ee41e6416f824d27b1eb8c57691de21b,gelement_ee1e070cbb7a45e2a8df8c5f4d042dbf,primary,13,approved,
glesson_ede1b62f33a6494a85014b585331b428,gelement_f20413b33ca648bb9437b521445fbdf4,primary,1,approved,
glesson_c3771e2abd7742728367260732b013c7,gelement_2c5bdf526e7047618c177f6140977530,primary,1,approved,
glesson_ffbf32e9af2f483ea949c0ad313f0001,gelement_48620483fc8145edb5eb3d02b3217f8c,primary,1,approved,
glesson_a6853982d0af406fa888be25a7d45bd3,gelement_6ffeac848dac4e2da9daf45fc56ed1ef,primary,1,approved,
glesson_52acdf2be231401cb6641db150ed1b78,gelement_25c9b342926a4a299d92ab6095269431,primary,1,approved,
glesson_b26122dc1f28458583e65e8d71623385,gelement_561315d689db421f8a699f41cc60b434,primary,1,approved,
glesson_a35f4c8b3a7545ddbd5495e9946d2dd3,gelement_28aabe7bff214fa0ab4587e21b671bb6,primary,1,approved,
glesson_a7c3f16190ef479f9dc90866f0f19fd3,gelement_f873ce5f6edd43468779fa5aa0b26a4e,primary,1,approved,
glesson_8406c000714148ed93355a655ae380e4,gelement_52fb499cc37c46d2a02912fe432a7996,primary,1,approved,
glesson_8cd3774517fc4724be7340812ecbe749,gelement_3bf83e2c2d86457e911a43f99b620856,primary,1,approved,
glesson_3eb252ea7d424841a3152d08aa6cc546,gelement_49c8382a000647a8aeadf53f6002a120,primary,1,approved,
glesson_3eb252ea7d424841a3152d08aa6cc546,gelement_6834a2acefca428d8f26f08becb2082a,primary,2,approved,
glesson_6ef576543f8541009ddc1864bf774cfb,gelement_c21b2395d94d432a86e34b0751140144,primary,1,approved,
glesson_6ef576543f8541009ddc1864bf774cfb,gelement_a9f4506dad854eed834772b37dd9350f,primary,2,approved,
glesson_6ef576543f8541009ddc1864bf774cfb,gelement_8df19a07903842f6865f8a7bccac0a5e,primary,3,approved,
glesson_6ef576543f8541009ddc1864bf774cfb,gelement_cde13a0de76445bfaf77a833042556c1,primary,4,approved,
glesson_0d882781e8774e09858c603addc4ffee,gelement_ee8b5fc768a146538b300291ec1fef63,primary,1,approved,
glesson_0d882781e8774e09858c603addc4ffee,gelement_607816881e08407ab1143010be6945f4,primary,2,approved,
glesson_ffe80b1988b84769a16676ccb04b2e61,gelement_1a8bb7fedf4f41e0a80a20cb7e0ba2f3,primary,1,approved,
glesson_ffe80b1988b84769a16676ccb04b2e61,gelement_893b10de15234daf96edd14100153e57,primary,2,approved,
glesson_ffe80b1988b84769a16676ccb04b2e61,gelement_213b6d5862864b0daf5c01da3e58fba8,primary,3,approved,
glesson_ffe80b1988b84769a16676ccb04b2e61,gelement_55009fa5071144ec8a461e2aa96b17b2,primary,4,approved,
glesson_1498a4583ff14c99892cf06f0b72f6e6,gelement_0eb570ba20d946b6992c74b30fc7b684,primary,1,approved,
glesson_1498a4583ff14c99892cf06f0b72f6e6,gelement_f38f77eb188240459320680c4d75c05c,primary,2,approved,
glesson_1498a4583ff14c99892cf06f0b72f6e6,gelement_8303f33daa954324a38cc44fa13f0050,primary,3,approved,
glesson_993586dc6e8f4916b41298d63695c08d,gelement_c1a203e4330b43c4bddb0f30aa27c1f1,primary,1,approved,
glesson_68db8b2f6deb4411af949bf10e1bb513,gelement_52dff1b816fc4186b47164050d588249,primary,1,approved,
glesson_03c64f5939e34fb5ae2e9318a50693cf,gelement_07f6f9c53eb740d6bdb204affcecbfd2,primary,1,approved,
glesson_cd8a7497afe54bbeb49b0343599ed9ec,gelement_62429daf4f0e48ebadf5f0943a3aff37,primary,1,approved,
glesson_6f0127d426cf4bf68701631287733166,gelement_66a196caf5924814a2a9987d7977109f,primary,1,approved,
glesson_8ff45e3161d942abb8dd0470128fe4d5,gelement_ba4ce89d17f84f10985cb91de9042fd5,primary,1,approved,
glesson_5e4c4bb2dc1543c1b1e7afbef39ca393,gelement_60a93714d5fa46e9a4f97b7ed95263d6,primary,1,approved,
glesson_850e51837bbb4d249c84d673457cb2e1,gelement_22aa81ea1aa5438c895774eeab07df05,primary,1,approved,
glesson_e77d15c96ede4ed4b4125715ee306f3a,gelement_19872b7c2d5149a98b5cf6a9d381431a,primary,1,approved,
glesson_00381ffa4caf46d8a88816e5c574b3e9,gelement_83073577ae7a4b5ea442041934c1a3dd,primary,1,approved,
glesson_dd80611de9834c14b69a9d00ac756445,gelement_a1ebf609b8c6474094c7e588cd6587e4,primary,1,approved,
glesson_237b83ef82744366b4ac454c615a734f,gelement_697a74270a6e4e59bd9c6f11f8d9d084,primary,1,approved,
glesson_6e7cfe6abe734612a4e5a72de1210257,gelement_ba81934ad1d6410b92ee5ebd11107f9b,primary,1,approved,
glesson_32471e0e6d8446e5baff7c10a29196dd,gelement_bb6d6248723d48279c166b32a360925c,primary,1,approved,
glesson_32471e0e6d8446e5baff7c10a29196dd,gelement_494a4a4f8d824a5290c5fbb449af240b,primary,2,approved,
glesson_32471e0e6d8446e5baff7c10a29196dd,gelement_7d1c9e03123d48a2b7b1aed4b747a053,primary,3,approved,
glesson_d72c52c17a7d49bf9fd6547f5900dcbc,gelement_b3ffb295cf304567abc37aabfa0b1666,primary,1,approved,
glesson_d72c52c17a7d49bf9fd6547f5900dcbc,gelement_c1a2ca044d58499d86d959f2787fde0b,primary,2,approved,
glesson_d72c52c17a7d49bf9fd6547f5900dcbc,gelement_f09b9026e80a43c29a54f629d86215c8,primary,3,approved,
glesson_d72c52c17a7d49bf9fd6547f5900dcbc,gelement_b5b1b011034d42cd8ab4a41b34ba7d12,primary,4,approved,
glesson_d72c52c17a7d49bf9fd6547f5900dcbc,gelement_b7e36694ddac489a8ae61df4fd480ed9,primary,5,approved,
glesson_d72c52c17a7d49bf9fd6547f5900dcbc,gelement_4b70a1709da2419a832bce385a0c5390,primary,6,approved,
glesson_d72c52c17a7d49bf9fd6547f5900dcbc,gelement_a0c11076a61647d0a6ec8dcc08d69ab5,primary,7,approved,
glesson_d72c52c17a7d49bf9fd6547f5900dcbc,gelement_798a9e88c2f149feaaff02faee849a05,primary,8,approved,
glesson_d72c52c17a7d49bf9fd6547f5900dcbc,gelement_c12c515b8fdc4c30a991c203af6d3870,primary,9,approved,
glesson_ea19a49bbb6e415c8b9f24bb7aa1432a,gelement_96274791ace94620ba62813239e00f48,primary,1,approved,
glesson_ea19a49bbb6e415c8b9f24bb7aa1432a,gelement_ffa78a9a93e24e69aafaf3321a47c323,primary,2,approved,
glesson_ea19a49bbb6e415c8b9f24bb7aa1432a,gelement_0b7f4ae41261409a88c906d2a0c9ee97,primary,3,approved,
glesson_ea19a49bbb6e415c8b9f24bb7aa1432a,gelement_712fa48cc2e9401bb69e4bcec5d78262,primary,4,approved,
glesson_ea19a49bbb6e415c8b9f24bb7aa1432a,gelement_2ae875d8ee81425096f0f416b5b7e54c,primary,5,approved,
glesson_d30968a42f4b4ef49c213b6271e5f4f4,gelement_af04bae6e45b4f8a8cefb0d758ddf852,primary,1,approved,
glesson_d30968a42f4b4ef49c213b6271e5f4f4,gelement_0f91703cf903494aa6d0f78716b47074,primary,2,approved,
glesson_d30968a42f4b4ef49c213b6271e5f4f4,gelement_b5d36b2e43c0423c90f37214ad5cdb3e,primary,3,approved,
glesson_d30968a42f4b4ef49c213b6271e5f4f4,gelement_98cb064ea96c4f588d105181a92f24e4,primary,4,approved,
glesson_4b17ca4cd44f43268595621fcd28cb0b,gelement_530bdc7e27f64580b67687e6a0975283,primary,1,approved,
glesson_4b17ca4cd44f43268595621fcd28cb0b,gelement_ef71b2755a4a4eaa94a0dbeda12936cb,primary,2,approved,
glesson_4b17ca4cd44f43268595621fcd28cb0b,gelement_d682b92e17ef4443badb111203b04bd1,primary,3,approved,
glesson_867901eb059049e79b6ff537b4ab9bed,gelement_eb12509fd4be40eebccbab586ecfbb44,primary,1,approved,
glesson_5d546dc5765a4b47a1819003e41f0888,gelement_41da070096544d089b7d6d78de1289ae,primary,1,approved,
glesson_5d546dc5765a4b47a1819003e41f0888,gelement_c363287d212b4c6f9faef97ba833d34e,primary,2,approved,
glesson_bea2dc463fb3437fac779d881872add9,gelement_fa04af9325054196b0534b53127a915d,primary,1,approved,
glesson_b6e0bf6e6140401d949ed1cd7a5e44a2,gelement_47a7eeae220047beb03921b520cd0183,primary,1,approved,
glesson_b6e0bf6e6140401d949ed1cd7a5e44a2,gelement_45dac1cd174845328c014b0e2885a80d,primary,2,approved,
glesson_64a50251c82e4b31bf9ccb111190ae9f,gelement_5f1b65514ab24936a546baf8a8759d93,primary,1,approved,
glesson_64a50251c82e4b31bf9ccb111190ae9f,gelement_5dbb62f3a6f24262a347e5529f5c3aa2,primary,2,approved,
glesson_df7aa22167ec4fc7b0f03bf2ab4b61a9,gelement_51605053b0bc410092194e1a24820dfd,primary,1,approved,
glesson_df7aa22167ec4fc7b0f03bf2ab4b61a9,gelement_52efa67793ee4f1395bdd26356e40a32,primary,2,approved,
glesson_df7aa22167ec4fc7b0f03bf2ab4b61a9,gelement_da2d562eb14f46c0be9b0117712551af,primary,3,approved,
glesson_df7aa22167ec4fc7b0f03bf2ab4b61a9,gelement_0b25efd0ae48454383e8584f981d812b,primary,4,approved,
glesson_df7aa22167ec4fc7b0f03bf2ab4b61a9,gelement_b8a03626004f4aca998cd48413a1bd70,primary,5,approved,
glesson_df7aa22167ec4fc7b0f03bf2ab4b61a9,gelement_bffc0f8fc7204492ad59a704e5eb148b,primary,6,approved,
glesson_df7aa22167ec4fc7b0f03bf2ab4b61a9,gelement_0337a2aee5bd41a79e7201315cf42796,primary,7,approved,
glesson_df7aa22167ec4fc7b0f03bf2ab4b61a9,gelement_aec97eff1aae4f4c8291eba3b5bd0732,primary,8,approved,
glesson_df7aa22167ec4fc7b0f03bf2ab4b61a9,gelement_89dd11cb59ef4b569fc41d4f9b511ab0,primary,9,approved,
glesson_df7aa22167ec4fc7b0f03bf2ab4b61a9,gelement_22f1a65e23024635bdfb16f616227eec,primary,10,approved,
glesson_df7aa22167ec4fc7b0f03bf2ab4b61a9,gelement_4b40543596604db9be202a4e22fd03ea,primary,11,approved,
glesson_df7aa22167ec4fc7b0f03bf2ab4b61a9,gelement_a7697ec5de134f7fba46b0992e1f1143,primary,12,approved,
glesson_df7aa22167ec4fc7b0f03bf2ab4b61a9,gelement_00c948fb8e024291ab60c0d831a34ef6,primary,13,approved,
glesson_df7aa22167ec4fc7b0f03bf2ab4b61a9,gelement_f0525e9ebb2b4b5b8dd0c89d90d02a47,primary,14,approved,
glesson_df7aa22167ec4fc7b0f03bf2ab4b61a9,gelement_6b66825bc6b14228bc84a657c03501de,primary,15,approved,
glesson_df7aa22167ec4fc7b0f03bf2ab4b61a9,gelement_07f54686eda1429d90fd8c07a1153ea2,primary,16,approved,
glesson_df7aa22167ec4fc7b0f03bf2ab4b61a9,gelement_8e59b71d80d149f885df976c30fb2578,primary,17,approved,
glesson_df7aa22167ec4fc7b0f03bf2ab4b61a9,gelement_9e4008c0d60a4505916572b074689135,primary,18,approved,
glesson_df7aa22167ec4fc7b0f03bf2ab4b61a9,gelement_a4363fddb5ae47528140c7e0a2056310,primary,19,approved,
glesson_df7aa22167ec4fc7b0f03bf2ab4b61a9,gelement_84839cf976864f158940c7f000a24af6,primary,20,approved,
glesson_c3df0eb303974d85aac4214ca6128240,gelement_ab83c1157b50456081e9cec72a6b6212,primary,1,approved,
glesson_c3df0eb303974d85aac4214ca6128240,gelement_ce79b1ac62fa435798be85ad497c34c2,primary,2,approved,
glesson_e8773bfc98ae4f038b8e6a18d2d6ac8c,gelement_8c68e99bbda84e3bbf0b179f21b656c3,primary,1,approved,
glesson_e8773bfc98ae4f038b8e6a18d2d6ac8c,gelement_4437953174ab45149fcd1ac1800224c4,primary,2,approved,
glesson_e8773bfc98ae4f038b8e6a18d2d6ac8c,gelement_5965f2100b0843a7be4c5f5e13b73b1d,primary,3,approved,
glesson_e8773bfc98ae4f038b8e6a18d2d6ac8c,gelement_cb1f3959544d48a58a8b56bd40f031d5,primary,4,approved,
glesson_67af68618b554c8e8f28c44bd041bfce,gelement_6f42f200307e4783b14f217719534103,primary,1,approved,
glesson_5f556af650a944789b0f58310ea9ff13,gelement_55ba8c2a583544cd8f996cd8596f87f9,primary,1,approved,
glesson_5f556af650a944789b0f58310ea9ff13,gelement_e3093525173b4c27a88636ce0610ee3f,primary,2,approved,
glesson_5f556af650a944789b0f58310ea9ff13,gelement_f22f5eb718294609bf6141454cac5118,primary,3,approved,
glesson_5f556af650a944789b0f58310ea9ff13,gelement_7eac1260ba904f24916e1722650b1db4,primary,4,approved,
glesson_5f556af650a944789b0f58310ea9ff13,gelement_ab923f47b4014c5784500cd7f4d47ac4,primary,5,approved,
glesson_5f556af650a944789b0f58310ea9ff13,gelement_04f9ae1dd214421ba15ce3e8a1d96c87,primary,6,approved,
glesson_5f556af650a944789b0f58310ea9ff13,gelement_19b12ece120a410abd8b6da3cb626df1,primary,7,approved,
glesson_5f556af650a944789b0f58310ea9ff13,gelement_e5706bdc8ec04fddac547a2392f03ac3,primary,8,approved,
glesson_17962a7ae6a74a4daa7a09ae22c027e3,gelement_ae0f453f7b2a470a8537a017bd9c3cbf,primary,1,approved,
glesson_17962a7ae6a74a4daa7a09ae22c027e3,gelement_5c669089339146a48fe38ada3f9912a4,primary,2,approved,
glesson_17962a7ae6a74a4daa7a09ae22c027e3,gelement_ef377f47682842e98bf42c57a8c9d434,primary,3,approved,
glesson_17962a7ae6a74a4daa7a09ae22c027e3,gelement_e1d198e169e94ed3b2473d0f052b4053,primary,4,approved,
glesson_17962a7ae6a74a4daa7a09ae22c027e3,gelement_978c68c2cb4344c1b2462b98a0728c37,primary,5,approved,
glesson_17962a7ae6a74a4daa7a09ae22c027e3,gelement_ec5165e799294b408c427a02abdc963f,primary,6,approved,
glesson_07762125aabd4d749cf0f1832fee99fd,gelement_ea6751c760c64cc1bee7d68f35341517,primary,1,approved,
glesson_07762125aabd4d749cf0f1832fee99fd,gelement_f45c7672dcb8494692b1da45270d751f,primary,2,approved,
glesson_07762125aabd4d749cf0f1832fee99fd,gelement_dc6ddb6714d14d18a1dd442cd6cba915,primary,3,approved,
glesson_07762125aabd4d749cf0f1832fee99fd,gelement_3c5af249fcd346cb9333d493b92c02d9,primary,4,approved,
glesson_07762125aabd4d749cf0f1832fee99fd,gelement_bff62df433f94ca5a0ff9525ba172b7f,primary,5,approved,
glesson_07762125aabd4d749cf0f1832fee99fd,gelement_8448b55921f54760a0c523e717fae3fd,primary,6,approved,
glesson_07762125aabd4d749cf0f1832fee99fd,gelement_4f9f8e8e4d5e4be195a211ba441d811b,primary,7,approved,
glesson_89059b179fe648e5b7ae36f476083e22,gelement_2121705a66ef45929b561bfe3d6cd38d,primary,1,approved,
glesson_89059b179fe648e5b7ae36f476083e22,gelement_ed27044c3e024547acc9c8b252fb99c4,primary,2,approved,
glesson_89059b179fe648e5b7ae36f476083e22,gelement_33d1998bcfb6451cbb2ee388a172dc82,primary,3,approved,
glesson_89059b179fe648e5b7ae36f476083e22,gelement_7d5b419903bd4bca977f1c83c3688e55,primary,4,approved,
glesson_5fb2d0bf9f384280a2d05a727fbc624e,gelement_b1fc9c2e0787479a9389fb8b4ce6754f,primary,1,approved,
glesson_177b3691e5374b388530d00a7c05979a,gelement_d57de6b4323a47d1b21491de1dcb8626,primary,1,approved,
glesson_177b3691e5374b388530d00a7c05979a,gelement_7e5fe41e15624203849d7c71d42cc558,primary,2,approved,
glesson_177b3691e5374b388530d00a7c05979a,gelement_2b67ed07eab941b9a4d3bee718e4d2f4,primary,3,approved,
glesson_177b3691e5374b388530d00a7c05979a,gelement_48301f3a9e8c4ade9f2f117707395689,primary,4,approved,
glesson_177b3691e5374b388530d00a7c05979a,gelement_c49399b90871463c83ce7ef92ddd29ad,primary,5,approved,
glesson_177b3691e5374b388530d00a7c05979a,gelement_f9ba8b44bd8144bca7870a80c25a8ebe,primary,6,approved,
glesson_9e20456f2fa34fdeafcb9d9f0c07e386,gelement_233eb1260445450e8b18a89472fa557f,primary,1,approved,
glesson_9e20456f2fa34fdeafcb9d9f0c07e386,gelement_63fd4cc297de4fc2abaf3b5fab4f8fda,primary,2,approved,
glesson_9e20456f2fa34fdeafcb9d9f0c07e386,gelement_3a4d8f406a774b61b306048b9858b736,primary,3,approved,
glesson_9e20456f2fa34fdeafcb9d9f0c07e386,gelement_056b744e266a407f8d2d6ba40e5b6add,primary,4,approved,
glesson_9e20456f2fa34fdeafcb9d9f0c07e386,gelement_0390024594094ddc9ea7eb1f21fcca65,primary,5,approved,
glesson_9e20456f2fa34fdeafcb9d9f0c07e386,gelement_0e0d15b0d18440e0be963f465ccf410b,primary,6,approved,
glesson_69679885521946b7a6801b6ca1c2716d,gelement_0444becc66444ac18b9bf2fcee56149d,primary,1,approved,
glesson_69679885521946b7a6801b6ca1c2716d,gelement_b5cca19fabf8449db83a9bf9becbdef3,primary,2,approved,
glesson_0ca9c57f33894bcc9dfd898fbacfaf78,gelement_1444f9d43edd472ea734adc3a9f48d05,primary,1,approved,
glesson_0ca9c57f33894bcc9dfd898fbacfaf78,gelement_f4e43c2ca48747ac88d5f88cbfffa49d,primary,2,approved,
glesson_0ca9c57f33894bcc9dfd898fbacfaf78,gelement_cfbdeaa073b140fd9cab069ba21f3e3a,primary,3,approved,
glesson_309a16f37538472988dbe46293b62779,gelement_df1fbe382fb84482a314e315030445a4,primary,1,approved,
glesson_c8f640cc55c34c5ebcf4f8c68c0f9a83,gelement_70cbbc40082e482dbd784f231cc5278e,primary,1,approved,
glesson_c8f640cc55c34c5ebcf4f8c68c0f9a83,gelement_93b9e1306d154cc4bec3645302024ebb,primary,2,approved,
glesson_65181384815e48bb8984cea0ad0c86e5,gelement_007f0fb5973144e282757aad5f0a2536,primary,1,approved,
glesson_65181384815e48bb8984cea0ad0c86e5,gelement_59b7dc0da93c4098b57f64528563d687,primary,2,approved,
glesson_f8df5d8520dc416f90cc4c5f48366344,gelement_f3240b07865e46ddbb06aeb4b6803066,primary,1,approved,
glesson_86045223657d499287380b3408184831,gelement_e4c5bd0ec3644a04bef0c243721efdc5,primary,1,approved,
glesson_86045223657d499287380b3408184831,gelement_1a5c828f46504f109ee16e56f50de6a0,primary,2,approved,
glesson_3e69ae1cd06d466fbbd76b265b767a9b,gelement_617841407a6744ca83bdb688fa3fc50c,primary,1,approved,
glesson_3e69ae1cd06d466fbbd76b265b767a9b,gelement_39c23fc228b5445ab4924f39e1a50674,primary,2,approved,
glesson_3e69ae1cd06d466fbbd76b265b767a9b,gelement_c0d3b0bb560d4209b2e7131fd0c2df11,primary,3,approved,
glesson_3e69ae1cd06d466fbbd76b265b767a9b,gelement_a230ccf53b2f4d409a8bcd084631322c,primary,4,approved,
glesson_3e69ae1cd06d466fbbd76b265b767a9b,gelement_2abc295a6aab47899cc63065d913e315,primary,5,approved,
glesson_3e69ae1cd06d466fbbd76b265b767a9b,gelement_2a8b6603971b449aa9f7fe031e365df2,primary,6,approved,
glesson_3e69ae1cd06d466fbbd76b265b767a9b,gelement_ea2c8bfa9d024a708d1b14dcbd80f3b4,primary,7,approved,
glesson_3e69ae1cd06d466fbbd76b265b767a9b,gelement_a3ecb261afd14a5fa07d016c795768ad,primary,8,approved,
glesson_00d57d729c7f4d23b440054ccc241d9b,gelement_53754289cd2f46e397378fa2472ec0e1,primary,1,approved,
glesson_49c1ef7d1f3841548297a0b490d07b81,gelement_eab534de32844c34ae75dbcac06a2caa,primary,1,approved,
glesson_5e921aa422d24b6a890431b12b32fc6f,gelement_62177dbc82b84b1687ba68c14f73fb7a,primary,1,approved,
glesson_56c56a08a83a4a9fba7fb8f8edeac19e,gelement_320854760ffb48ee8264655af2896bf0,primary,1,approved,
glesson_c74f97e80cba4f0396cdf394f34eff1e,gelement_6f44b3d791b24f4a87edacdccc2e3c82,primary,1,approved,
glesson_5f19781ab8ae438e8b3b96ed0eeba473,gelement_1c7230ad25f6486e96312302fdde428c,primary,1,approved,
glesson_b0577291ea834c2d9ab205ab44afb00d,gelement_c10ef5873de24d8db9d452975b223aa2,primary,1,approved,
glesson_17ce2c91cf0744cc88bc0f91363fc43c,gelement_6bf081eac2bc4b9f9f719fd5d6df9c25,primary,1,approved,
glesson_f7e879eb77834d0b821cb273f009fb0a,gelement_47abfabaa67b4ad0a2f478e4871ef423,primary,1,approved,
glesson_a1dfe076faec4624ad1920ecf040d0c6,gelement_a185f429371c488d93e3bbde7a593377,primary,1,approved,
glesson_f069e89cffa64b04ae56201517efa1f1,gelement_eb212b508b664b02a1ee7873e23eaa7a,primary,1,approved,
glesson_6846bb8213774651a3a0fc6f7ac335d6,gelement_0b1f7b486ae6444890b337adba2bf3de,primary,1,approved,
glesson_316c9bec0f684aa884fe3be17c0d0fa8,gelement_850f28d2a3504ab5a2004685f97d096c,primary,1,approved,
glesson_9d70695e91ed42b9a1bf70af3cbe7279,gelement_b593ad6687b0413faf704ba8d6d1d2db,primary,1,approved,
glesson_9d70695e91ed42b9a1bf70af3cbe7279,gelement_f1555abcd4eb4814860610ef71e185b0,primary,2,approved,
glesson_9d70695e91ed42b9a1bf70af3cbe7279,gelement_bae318df2c144cc5a1c00142d48e84e7,primary,3,approved,
glesson_2de4d47ffc894d33bc269b63cecd62ef,gelement_12528e5cd0ad47dba52aee44cc980010,primary,1,approved,
glesson_86ade8b4e22942ec899e79e4ec99da30,gelement_eee7113bbf6c426299934582410ee815,primary,1,approved,
glesson_dfd078bbb2674897a0fe8cbec750e3bb,gelement_3df1ca4f379041e6a5bec331d4f72914,primary,1,approved,
glesson_dfd078bbb2674897a0fe8cbec750e3bb,gelement_2b2d42a375a140b7a73dd5a9f9735cde,primary,2,approved,
glesson_dfd078bbb2674897a0fe8cbec750e3bb,gelement_74ab6d4d00e04b57bc46c0265e2b9561,primary,3,approved,
glesson_dfd078bbb2674897a0fe8cbec750e3bb,gelement_bdea32f6f0f84a8fab880c82a0c07c8a,primary,4,approved,
glesson_6baf35e486cf4338aa6637ee28bd8262,gelement_417a9948182e473297f72193d90c2a98,primary,1,approved,
glesson_6c2cdcd62e104b80b2eb3873a2b2787e,gelement_f7646c8cff5e413d93f9c070202ec595,primary,1,approved,
glesson_31d755e440e645e5b0c80f741acaea2c,gelement_10f2328f2e8343ba85c46f8fddda33ea,primary,1,approved,
glesson_31d755e440e645e5b0c80f741acaea2c,gelement_1f3f5069bd7e4b9db1cfa65471357cf7,primary,2,approved,
glesson_31d755e440e645e5b0c80f741acaea2c,gelement_b435c1604ee24c0e8276460e9633e5db,primary,3,approved,
glesson_31d755e440e645e5b0c80f741acaea2c,gelement_80e27d14d967480aa7c2e08422ac80bd,primary,4,approved,
glesson_dcc7fa1a622346d5a68dd65fad261172,gelement_abbfc84ad8e24ad8883dd16bbd1ff9c5,primary,1,approved,
glesson_79689c9fb74747b391ce575ac4167555,gelement_ee7813a801c14746ab850359c626953b,primary,1,approved,
glesson_d0c6abcc416f408382b08b81f1e5aa2e,gelement_9b6895b1440a4f5ab2b9f427a8a27b58,primary,1,approved,
glesson_d0c6abcc416f408382b08b81f1e5aa2e,gelement_7cd74f5ac3fb419b8dfc30a67eac5910,primary,2,approved,
glesson_d0c6abcc416f408382b08b81f1e5aa2e,gelement_76aae282899d46469c61262db491647f,primary,3,approved,
glesson_0b941a74e636424585d377b2f70b4b2e,gelement_e922632c80c84e99b2d4bb983d7621d3,primary,1,approved,
glesson_0b941a74e636424585d377b2f70b4b2e,gelement_abd4573e73a6463f88cb9ae22e8f984c,primary,2,approved,
glesson_931fa872891644ec9551798943541630,gelement_a6fd0086878b40b7a8349c0ed7a5949d,primary,1,approved,
glesson_d2efb4f8c516443bb43d91df0e487452,gelement_994cfb57deeb48bb93dabc4d81dca5de,primary,1,approved,
glesson_f95efe2751dd4f9e8608c4eaa8b4e1e5,gelement_3ece761183404106849d3f4f7ed61d62,primary,1,approved,
glesson_f95efe2751dd4f9e8608c4eaa8b4e1e5,gelement_f3954526255340c4b3bc23fa7d31a684,primary,2,approved,
glesson_f95efe2751dd4f9e8608c4eaa8b4e1e5,gelement_96190ec00f35418fba563612571930ca,primary,3,approved,
glesson_f95efe2751dd4f9e8608c4eaa8b4e1e5,gelement_9bfc4d6a84744281bf7bca165262ae50,primary,4,approved,
glesson_33ffecba3284470ea135a85bbe5d5923,gelement_d9ac6fbda1524c959804ac5fe22a733a,primary,1,approved,
glesson_33ffecba3284470ea135a85bbe5d5923,gelement_ec8732705a4848bc8e3f4d3678739a6f,primary,2,approved,
glesson_33ffecba3284470ea135a85bbe5d5923,gelement_79498528db52489f9bb9e041cdadfcd3,primary,3,approved,
glesson_93490e12936e4c7eb4b0fe18d6f003ff,gelement_c5d613eb573e48d79d1c8c5eead6c644,primary,1,approved,
glesson_93490e12936e4c7eb4b0fe18d6f003ff,gelement_8ef3eefaef5a403990f891ebbe9ed5fe,primary,2,approved,
glesson_81a16c159ed04f33baf215dbe272a1bf,gelement_0c66c8fb3cf540018508d57141d06b72,primary,1,approved,
glesson_81a16c159ed04f33baf215dbe272a1bf,gelement_0f915af03c62459c9de765e7739dbe3c,primary,2,approved,
glesson_cf0bf06ae7914411a782069d00b08c85,gelement_dfe334f0ec0b4e4f81963d0fe15e5be8,primary,1,approved,
glesson_cf0bf06ae7914411a782069d00b08c85,gelement_dbc2a9a7913a4bb1909cf2739717814d,primary,2,approved,
glesson_d55e66f484e44c9aa5ebbbf4fcded9b9,gelement_eb40f71e6bd146d3a007825638247bc4,primary,1,approved,
glesson_46b1065e58094ca989310f1e3283e1e7,gelement_9a8124b9c66945fd83823a60dc60f5db,primary,1,approved,
glesson_46b1065e58094ca989310f1e3283e1e7,gelement_0f47cb8a10214c298cb44de83375e1b5,primary,2,approved,
glesson_a406d28084104510ad51f2f6d103ecc6,gelement_93afc2e09adb4532abff8559181740a1,primary,1,approved,
glesson_2e161ba40ebc413383365b8ee6d111c2,gelement_e218ff7a715b4b76b5680b106d3d63b2,primary,1,approved,
glesson_662c3598b52345f1b16c437f9c50dd3f,gelement_3ea1e822640c4487a5aab36648c40c1e,primary,1,approved,
glesson_485f0c081660431cb26e6624feab453c,gelement_d6dfe488270741b2b4ce201c81b32682,primary,1,approved,
glesson_485f0c081660431cb26e6624feab453c,gelement_51826995524b4d09aefd701d11a51a85,primary,2,approved,
glesson_8291206edc9b4948a350de4f51adecae,gelement_dba9825fdbc64bd887fab8846bdaa6af,primary,1,approved,
glesson_8291206edc9b4948a350de4f51adecae,gelement_cf8567976f134e52baf4e63d2272b254,primary,2,approved,
glesson_902e37aedf50494fb982985426947899,gelement_26830f442441452181c602e984be825b,primary,1,approved,
glesson_902e37aedf50494fb982985426947899,gelement_318963aec5e74b568ea650527ff8d4dc,primary,2,approved,
glesson_902e37aedf50494fb982985426947899,gelement_a4a76399d02c4fc2ba57f0ddd93dfa71,primary,3,approved,
glesson_8c5b4c0a54594df08a901d349e971746,gelement_0c7f10254a824836aec997cb6e70239e,primary,1,approved,
glesson_4e1807cc26d140f79028dbc028fcaa1b,gelement_0bc2a38aa1fe4448862c8d2e59aab92c,primary,1,approved,
glesson_9e80e20829b14b17a957359bb6bbc67e,gelement_743a4e1d81a349ccaed8281adc6489dc,primary,1,approved,
glesson_756a581f98be48b5afa1b781494a4e72,gelement_adb8e5e712534ffcacf2a0fab1533371,primary,1,approved,
glesson_756a581f98be48b5afa1b781494a4e72,gelement_844226b7f4594a2b940df822015b30d9,primary,2,approved,
glesson_081ca9efc2fb40d79a01e906847593b2,gelement_43414ecb7f624310b9df40d35b326f8f,primary,1,approved,
glesson_aee8f5d56fa24588a6ce2de696dc7b13,gelement_41151a34d46e4aeeacbac11151cfe616,primary,1,approved,
glesson_3c6e9fce50f743499075918414b62e11,gelement_c076e2dd51bd4934892d252e8532936d,primary,1,approved,
glesson_7208ea54ca48453fa88ace572360521e,gelement_dcdc94de9cf3420cbdda7e56b0de539e,primary,1,approved,
glesson_7208ea54ca48453fa88ace572360521e,gelement_a666433fbaa640cd9147a518098d03db,primary,2,approved,
glesson_7208ea54ca48453fa88ace572360521e,gelement_afcdb93b18ce411fa80f7c26ecf85f89,primary,3,approved,
glesson_7208ea54ca48453fa88ace572360521e,gelement_91d9894d44604e50a6f0c94750b001da,primary,4,approved,
glesson_ab55443f5842459e92950531f3a14640,gelement_f8dc13ea263945adabf52178093f193c,primary,1,approved,
glesson_37870b2f9f64465286774f5376432844,gelement_261381e5834043039f0e3ba8b5f709f4,primary,1,approved,
glesson_1553ab51818642b2bc0841d9472a6c39,gelement_04e7f9d96a5c4a7d94f3865599cd96fb,primary,1,approved,
glesson_a0f1859f68cb4d54b2caf12ff9e8237b,gelement_fddd93b60b7b4ac88eef71126982217a,primary,1,approved,
glesson_086668360c5544938de5ede95467808a,gelement_415d61ce4514437d8456d9218eee62e4,primary,1,approved,
glesson_086668360c5544938de5ede95467808a,gelement_ae5b216e335d4220be4788c3090216c3,primary,2,approved,
glesson_fafa2f30a8db4d60ab1046837b39b08e,gelement_71c05e38422b48f5be486cf928c245f3,primary,1,approved,
glesson_7003f358f7df4bbeb820c60ae7eef247,gelement_e41b470c16b648b89d4b01b1f776fe54,primary,1,approved,
glesson_3699ff1d274242dca062cce0908bec20,gelement_a0509b7117a9445a8b32b19e4ec29dce,primary,1,approved,
glesson_78985b77a53a429aa7bb1d642fdf7494,gelement_9b00ff1f6b10430e9d6b799f502f35e5,primary,1,approved,
glesson_b06d9fcf7b8d414eb52e92cdd74392a7,gelement_d120cf3932e34918bb311f6e926ee8b0,primary,1,approved,
glesson_ac8a06a59b734a0b9926e0b5e721fa87,gelement_56f5298e0db642b9a6a354001589170d,primary,1,approved,
glesson_f182cc46e3b946abb96f53dda5e4df1c,gelement_dfeabfd8fe514436a7bbbaf236d364da,primary,1,approved,
glesson_7f858a43efcf4b10be8832af83ec2c3a,gelement_2776897ac49547b6974e012d871d4c28,primary,1,approved,
glesson_498b753c7da54f61b6841874434f7a84,gelement_4a459dabcad9488bb539a89f174e5c32,primary,1,approved,
glesson_428b8aa5e9bd475cbf3fa5ef7ba5b5eb,gelement_b4ff0e8541094705bff8a38644faaf73,primary,1,approved,
glesson_a0126ffa7598439aaae163fcd7508b72,gelement_359fa34ea8724e23ad002b89c3ba6052,primary,1,approved,
glesson_9315a8f6d7df428daba515fc04d63e30,gelement_de8f0914d09442df9d79bb1d7aedddde,primary,1,approved,
glesson_9315a8f6d7df428daba515fc04d63e30,gelement_f8cf52fd9e5543889e29fc034b257945,primary,2,approved,
glesson_e253e9a29c714cd8a4333d3f8428b903,gelement_f3061dc6db5c45f7ba8a04f6964cde25,primary,1,approved,
glesson_687cfec23a554ec897fe4131b27568d7,gelement_1e617dbb5edd46edb387405ba5b8c0ab,primary,1,approved,
