grammar_pattern_id,grammar_lesson_id,grammar_element_id,pattern_order,label_en,pattern,formation_en,usage_en,review_status,notes
gpattern_e6b8bcab096c4e48982cc60ae005fb0e,glesson_1412363f764e4b6e804c4a579f649313,gelement_b7265b28c7a144e9bab354737b6b130a,1,Small or junior label,小 + Noun,Attach 小 directly before a suitable noun.,"Names a smaller, younger, or junior member of a type.",approved,
gpattern_26fb2c608cc341748d6fdaf3d377b9a8,glesson_1412363f764e4b6e804c4a579f649313,gelement_11f2932a68b542959aa47b381f73722c,2,Ordinal number,第 + Numeral,Place 第 immediately before the number.,States position in an ordered series.,approved,
gpattern_6c8a2dada14e46979a6814704a442f89,glesson_47131ae8ea394437a5297f42b342b73d,gelement_ec6cc25b0b79442e8d9d74398d1a25bb,1,Human plural,Human pronoun/noun + 们,Attach 们 directly to the human expression.,Refers to more than one person.,approved,
gpattern_e0413febc4fa41ddbdf78421108011b7,glesson_47131ae8ea394437a5297f42b342b73d,gelement_b059836e59534709a8d930279ed5aa9f,2,Side or place,Direction/Demonstrative + 边,Attach 边 to a direction or demonstrative.,Forms words such as 那边 and 外边.,approved,
gpattern_c33c75d41416461b8b95a8820bf95b76,glesson_6fbcb4305c5d4a5d88bf76bae817835f,,1,Modal before an action,Subject + 会/能 + Verb,Place the modal directly before the main verb.,Select 会 for learned skill and 能 for ability or circumstances.,approved,
gpattern_83e12fafc35c4c12aeb6abe03c2b2d93,glesson_5e7f55241f214616ac7cde0dbdddfd71,,1,Desire before an action,Subject + 想/要 + Verb,Place 想 or 要 before the intended action.,Use 想 for a wish and 要 for a stronger intention or need.,approved,
gpattern_1fa96827322a4f56b660aea58a5fd9df,glesson_5a426c2d10734028a3898347249529d4,gelement_ec0fb2388c444048a275bd0b9e921736,1,Permitted action,Subject + 可以 + Verb,Put 可以 immediately before the action.,"Grants, requests, or describes permission and acceptable possibility.",approved,
gpattern_ce67dc2e2138485d8a1575e0c8f63e4b,glesson_92993e435fd2485884e66731507a89a7,,1,Counted noun phrase,Numeral + Classifier + Noun,Put the classifier between the number and noun.,Choose the classifier licensed by the noun or counting domain.,approved,
gpattern_85484552d4a34dbb8f9ce39d59070ec0,glesson_ffcb8ee873944afc831b07219d8b60c4,gelement_cbf9606281d3493b8bbad441e6946592,1,Cupful,Numeral + 杯 + Drink,Place 杯 between the number and drink.,Counts a cupful or glassful rather than the substance in general.,approved,
gpattern_cb1c93d5fd3342e5ba284a800110b5eb,glesson_4352b1a2159746fd89c742e39cd0668f,gelement_9e115b6cf8c14f5681980d7a833bd59a,1,Whole-set scope,Plural set + 都 + Predicate,Place 都 after the set and before what is true of it.,Says every member shares the following property or action.,approved,
gpattern_cfe36bf5e10a4efab9a27a38861b9661,glesson_ba7347a31d784cbca5182e1d566478fe,,1,Ongoing action,Subject + 在/正在 + Verb,Put 在 or 正在 immediately before the action verb.,Locates the action as currently in progress.,approved,
gpattern_73b06ad2be9f43f49ef28a298552323a,glesson_25b211801b454d9ba2a99a519ff3d998,gelement_b8665d534c154fe5b4bde3595424c9a0,1,Future or requested repeat,再 + Verb,Place 再 immediately before the repeated action.,Requests or schedules another occurrence after now.,approved,
gpattern_2998204968934c2788bceb33c41b86ee,glesson_7fb2f8481a4c4d02942993747c989fcc,,1,Additive adverb,Subject + 还/也 + Predicate,Place the additive adverb before the added predicate.,还 commonly adds another item; 也 says a parallel participant or fact likewise applies.,approved,
gpattern_2209e49aafd448d699e75e79ed2acfd7,glesson_8045fc9617b844d1bea15d13eeab2498,gelement_a60d56763edd4758adf9fc03bb12fd01,1,General negative,不 + Predicate,Place 不 before the predicate.,"Negates a habitual, present, or intended situation.",approved,
gpattern_9ed63dfb08094847984c9164efdedbaf,glesson_8045fc9617b844d1bea15d13eeab2498,gelement_ae55dd6f23c64d229debda563a429198,2,Event or possession negative,没（有） + Verb / 没有 + Noun phrase,"Use 没 or 没有 before an event, and use 没有 before a possessed item.",Denies occurrence or possession.,approved,
gpattern_9596d8858a2a4354813285a7a7ef9323,glesson_8045fc9617b844d1bea15d13eeab2498,gelement_0848f17eaaf44eb793d8cad80c47e684,3,Prohibition,不要 + Verb,Place 不要 before the prohibited action.,Tells someone not to do something.,approved,
gpattern_b3555b4281974b1099fbe81b8c06ef31,glesson_774188c53155422ea5f9f9d9176814f4,gelement_4de22919d2d44c9a8077d864b648637a,1,Event setting,Subject + 在 + Time/Place + Predicate,Put 在 before the time or place and before the main predicate.,Sets the event in a particular time or location.,approved,
gpattern_1dffe951ea2f4835859690e113ccb1b7,glesson_74aaea9ca06346b8b9c1126fb6e0915e,gelement_231cf6fc070548549013b3c5e8778a5c,1,Companion phrase,Subject + 和 + Person + Verb,Place 和 before the companion and before the action.,Identifies who participates together with the subject.,approved,
gpattern_f532c35e63b2422a8ee53e64b5e89a69,glesson_74aaea9ca06346b8b9c1126fb6e0915e,gelement_eb332a8ff1534de5822d30ceb310e18d,2,Target phrase,Subject + 对 + Person/Thing + Predicate,Place 对 before the target.,Directs the following action or attitude toward that target.,approved,
gpattern_8bd94259fe8b4f71b8a4641328367953,glesson_0e77d991e9a346519efa66a6c5882497,gelement_e498f91673f64226b98be2a9dac0b18d,1,Coordinate link,A + 和 + B,Place 和 between two constituents with the same grammatical role.,Presents A and B as a combined set.,approved,
gpattern_1137ac8965924b978f8ec7540b466825,glesson_a74fcd39ad2c4fb59a14ed3cf69e5f45,gelement_9b24ead5baa4441dba26d9a9e642cda1,1,Attributive link,Modifier + 的 + Noun,Place 的 after the modifier and before the noun it describes.,Marks possession or another descriptive relationship.,approved,
gpattern_67eb5e45404340ad9a8b8f6eb619ec76,glesson_1a09481348024cffac4caba31e71ccb6,gelement_0e26489ecb7740a6a836ea4537dfb860,1,Perfective event,Verb + 了 (+ Object),Place 了 immediately after the event verb in this basic pattern.,Presents the event as a bounded whole rather than an ongoing activity.,approved,
gpattern_9933ef32979b44d7a8207b76596121c4,glesson_5a0310b4cf854089997508807c121c78,gelement_ff8baf3e9fd2418481a45fac68dcc311,1,Soft suggestion,Suggestion + 吧,Put 吧 at sentence end.,Makes a proposed action sound less abrupt.,approved,
gpattern_fd96971fa1ce497a93c39a0efdef690f,glesson_5a0310b4cf854089997508807c121c78,gelement_8eaaf40fdfd046da939058da7452f7d3,2,New situation,New situation + 了,Put 了 at the end of the whole sentence.,Signals that the current situation now differs from before.,approved,
gpattern_d97ce888a4984b83ae1d697fe89c6079,glesson_5a0310b4cf854089997508807c121c78,gelement_d1427939ada44d56b07a9d2be2d63987,3,Yes-no question,Statement + 吗？,Keep statement order and add 吗.,Requests confirmation or denial.,approved,
gpattern_48fab9b43aa24719afefeabd35bef4f4,glesson_5a0310b4cf854089997508807c121c78,,4,Three HSK 1 uses of 呢,Information question + 呢 / Topic + 呢 / Ongoing clause + 呢,Place 呢 at the end of the relevant question or ongoing clause.,"Preserve the indexed functions: question tone, topic follow-up, and ongoing situation.",approved,
gpattern_c1b6510cb21a4734abcbe5f75fae4b88,glesson_b94351c5fad2413b9981abea6bd8ba95,gelement_1c6820a111df4063b7e43bbc9d54015f,1,Attention call,喂，+ Utterance,Place 喂 before the utterance used to open the exchange.,Gets the listener's attention before a greeting or question.,approved,
gpattern_8cc081616a254cd5a3c5c36f480f99f8,glesson_8a50ad5ec1cf47199bad98e7b15fbbfb,gelement_d3b7e732c22149f8a878c62c7e02922d,1,Parallel coordination,A + (和) + B,"Place compatible constituents side by side, optionally linked by 和 where natural.",Treats the constituents as a combined set or sequence.,approved,
gpattern_c7a3ac9fca7d466188ab4e0ae725c649,glesson_2168b15d20824e47b75dfa55e28dbf3b,gelement_6568409fcccf4305be5dc259f7dc5734,1,Preposed modifier,Modifier + (的) + Head,Put the modifier before the head and use 的 when the relationship requires it.,"Identifies which person, thing, place, or type is meant.",approved,
gpattern_951295c831224c229a1c7580f0873f35,glesson_1fc581dad530442fa886235a4e4f7d9d,gelement_32a436e8e63a4a8287c1a424f9759738,1,Action and object,Verb + Object,Place the object directly after the transitive verb.,Names an action together with what it affects or involves.,approved,
gpattern_b8f451374bf54b54b3013a36eb809292,glesson_4d919eed7b9347febdef9633d1781586,gelement_1ccf20e7a20744f08a1bf3be2c6f6b58,1,Small proposition,Subject + Predicate,Place the internal topic or subject before what is said about it.,Forms a proposition that can stand alone or fill a role in a larger sentence.,approved,
gpattern_312a9bebab6c428797f60317eb01e3eb,glesson_550e903fb0ab4a659570c5c0220af87d,gelement_39be1f69e9334636950e34f51d80623f,1,Measured quantity,Numeral + Measure word,Place the measure word immediately after the numeral.,"Counts or measures a noun, stated or understood.",approved,
gpattern_a94bd84b10584a95bbafdb75e473a60b,glesson_627f84e67bba43b397e2c78ba24d0683,gelement_9c4a48936289472d87c9f7ac4ece82a7,1,Prepositional phrase,Preposition + Noun/Pronoun phrase,"Place the object immediately after 在, 和, 对, or another licensed preposition.","Adds a time, place, companion, or target to the clause.",approved,
gpattern_5fbd1f090858411387b8644b39025a22,glesson_9a5f822d74fe4c839e358a1bc3acfd9b,gelement_ba781e25e5c9448e8a46f90acd57e89d,1,Relative location,Reference noun + 上/下/里/外/前/后,Place the location noun after its reference.,Names a region relative to that reference.,approved,
gpattern_3406076058eb4c10a1219812c509808e,glesson_59f6ebf93bea45fc8fd173609a6b93f7,gelement_61264ae401b145d2ac3a8e04f1c02f24,1,Brief action,Verb + 一下 (+ Object),Place 一下 immediately after the verb.,"Presents the action as brief, limited, or lightly requested.",approved,
gpattern_287fe16b36c042489bc086fe5f8d019f,glesson_d3d1433d431346659fad3a64d2d182b4,gelement_570bb8aec88b41a6aab59d9a131b0fb9,1,Verbal predication,Subject + Verbal predicate,Place the subject before the verb or verbal phrase.,"States an action, event, experience, or verbal relation.",approved,
gpattern_ae3aaafd01914f94a6c2cc3205c1d729,glesson_65cef66ccadb4bda94ba9c6ba8ee5533,gelement_c17b2d9dae914028a5bd078908796f16,1,Adjectival predication,Subject + Degree adverb + Adjective,"Place the adjectival predicate after the subject, commonly with 很 or another degree adverb.",Describes a quality or condition without a copular 是.,approved,
gpattern_ed993c25fa1442e583d17f8de0c093f6,glesson_605ba97eb84f4d5980bf26497ddab505,gelement_a9f5915116a0451ca6f4efbe49775f93,1,Direct nominal predication,Subject + Nominal expression,"Place the date, age, or other licensed nominal expression directly after the subject.","Gives conventional calendar, age, or quantity information.",approved,
gpattern_6d770f0aa0e5445cace71ae92959da20,glesson_09d85cc1ba6e4814b12be153e06f304c,gelement_bcb67b35e0e4417c96a4a39017eaeb16,1,Neutral yes-no question,Statement + 吗？,Add 吗 to the end of statement-order wording.,Invites a yes/no or confirm/deny response.,approved,
gpattern_fb1f94087ef04cedbeeb17dd8e0c5821,glesson_c64087e117dd44169bd7781d5af92a73,gelement_91beea8e98ad4cc8875f7b61e310cf2c,1,In-place question word,Clause with 谁/什么/哪儿/多少/怎么...,Put the question word in the answer's normal grammatical position.,Requests a specific missing constituent.,approved,
gpattern_55a8d582c8f94080bc238c9631de0bdf,glesson_9cce8dd18eab4193b8fd140c593e243a,gelement_fba6462ed09d4e75b8d24bb09ba5007d,1,A-not-A question,Subject + Predicate + 不 + Predicate？,"Repeat the predicate around 不, or use a conventional compact form such as 是不是.",Asks the listener to select the positive or negative alternative.,approved,
gpattern_d6e8d98551cf41bebef6407cbe214e28,glesson_7e7ea63f64d44d4882dfecb1f9a1b809,gelement_023ddbdfaa5547ac8c084c7fdc8071bf,1,Copular identification,Subject + 是 + Noun phrase,Place 是 between the subject and identifying noun phrase.,Identifies the subject or assigns it to a class.,approved,
gpattern_e9e2b06a21434f9f847ebba37a9b29b1,glesson_cd34aec214fe4a9cabbf2f3af75c073c,gelement_8d6da5f855fe4532a122111f858f9181,1,Possession,Possessor + 有 + Possessed item,Place 有 after the possessor and before what is possessed.,States a possession or personal relation.,approved,
gpattern_14d7202c551644bfa0c2394f275b4a04,glesson_a969cfb59bc94ffe9e4cfe7d987bed9c,gelement_b109789a94154c708fb7bb28b66ee4ea,1,Location identification,Place expression + 是 + Noun,Put the known location before 是 and the identifying noun after it.,Answers what a particular location is or what occupies it.,approved,
gpattern_eb32dd2a82bd4b58bc77ed4e2e8f9f5e,glesson_2591dabcc1884f9abb97f4a2f22ff0b6,gelement_10a03f265ed34b6e96bdbb01028a8b03,1,Existence at a place,Place + 有 + Numeral + Classifier + Noun,Put the place before 有 and introduce the new entity after it.,Presents an entity as existing at the stated location.,approved,
gpattern_6913355faa45496eb9483ac314854038,glesson_da3d25b747b946389f9953cd5238b2f2,gelement_3f37492906d7467a8a4459e59bbc39a9,1,Action plus purpose,Subject + V1 (+ Place) + V2 (+ Object),Place the movement or enabling action first and the purpose action second.,Shows that the subject performs V1 in order to carry out V2.,approved,
gpattern_5becfe37c40645dbbe3d945d1a0e1322,glesson_63b7cbccafa74b23bbd5aa16e6d062da,gelement_806720070f57489c8a0cfe99adc46a81,1,Manner plus action,Subject + Manner V1 + Main V2,Put the means or manner action immediately before the main action.,Explains how the subject performs V2.,approved,
gpattern_7c73052cecb8454da8b8e483d740a26d,glesson_48a062355f864c48b758a0b01ef35199,gelement_ae30c784dfa743119e671d5c142bb21e,1,Recipient and thing,Subject + 给 + Recipient + Thing,Place the recipient immediately after 给 and the transferred item after the recipient.,Presents a giving event with two objects.,approved,
gpattern_f6ff582df7824506a2ca766a073fdd37,glesson_db21663d6ac94570a7bf0deebcd4c748,gelement_1d5f4d30470d479e87840416aa71bc0a,1,Parallel addition,"Clause 1, Subject 2 + 也 + Predicate 2","State the first fact, then place 也 before the matching second predicate.",Marks the second fact as likewise true.,approved,
gpattern_b69dd25d557f49098ba7f2f7e2000748,glesson_2232c0c8bc1142afa9218cd5d1ed8c8b,gelement_5833ff2afdad4c84a88126ed6029713e,1,Additional fact,"Clause 1, Subject + 还 + Predicate","State one fact, then put 还 before the added predicate.","Adds another action, property, or item to the first information.",approved,
gpattern_91ae5026b2a14b92be8e2411d580333d,glesson_1c532271cd2640b49271c5a329873b24,gelement_fab30cfa711444f3a7513679777f3819,1,Bounded event,Verb + 了 (+ Object),Attach 了 to the event verb in the basic HSK 1 pattern.,Views the action as a realized whole.,approved,
gpattern_203c48b471bd47d0a3daf20d3f57af47,glesson_e905b001675443aca8517dd361e94872,gelement_592dd1d340a64895812be9c974a28f55,1,New situation,Changed situation + 了,Place 了 at the end of the complete clause.,Signals that the stated condition is now relevant and differs from before.,approved,
gpattern_bc4e935d348d47ca933bffce1d5dd93d,glesson_36fbed7cb60f418fb1fcde9d82fc8d3c,gelement_f609c5b1b9874977ac1a4f5dd6f47604,1,Basic ongoing action,Subject + 在 + Verb,Place 在 immediately before the action.,Marks the action as underway.,approved,
gpattern_e2259e6fc963422b8c37efe7706d73a1,glesson_36fbed7cb60f418fb1fcde9d82fc8d3c,gelement_e5d6d033fb554376aaac73acde128aec,2,Focused ongoing action,Subject + 正在 + Verb,Place 正在 immediately before the action.,Emphasizes that the action is underway at the reference moment.,approved,
gpattern_c5ddb55800d740949d5581a249974767,glesson_f5920fa0a3c042a48c647c76dd37c313,,1,Full progressive frame,Subject + 在/正在 + Verb + 呢,Place 在 or 正在 before the verb and 呢 at clause end.,"Presents the action as currently in progress, with final pragmatic highlighting.",approved,
gpattern_165b1e8e992f450abaefaca081a9dc9f,glesson_21bd039e25d64151956190fa42876f2f,gelement_afad040d164d45c7a3e67745ca67dc73,1,Contextual ongoing action,Subject + Verb phrase + 呢,Place neutral-tone 呢 at the end of the activity clause.,Highlights that the activity is in progress in the current context.,approved,
gpattern_bfc2cd655f5f4a988f2e886e53725caf,glesson_7152d114a79049a4993f58b6c7847994,,1,Money amount,Numeral + 元/块,Place the amount directly before the currency unit.,States a price or amount of Chinese currency.,approved,
gpattern_8a41faf69f4a49599bb6d9520770fb1d,glesson_945b84d2096b4309acee40e0e2adbc2b,gelement_38c782143598477ab4c6a0e0b1551e7b,1,Ordinal position,第 + Numeral (+ Classifier + Noun),Attach 第 before the numeral and retain the required classifier before a following noun.,Names position in an ordered sequence.,approved,
gpattern_934767dbf6d841979957fc3a86aca74e,glesson_558b9ebc01934fa89f4eecfe76570426,,1,Calendar date,数词 + 年 + 数词 + 月 + 数词 + 日/号,State units from largest to smallest.,Names a complete or partial calendar date.,approved,
gpattern_1ec45bbd316e43c88cb47fdf891c8946,glesson_558b9ebc01934fa89f4eecfe76570426,gelement_0e7a9058985b4097a51b36b3d35d693a,2,Weekday,星期 + 一/二/三/四/五/六/日/天,Place the weekday label after 星期.,Names a day within the week.,approved,
gpattern_4218107255964af38be0f1609b7cb5f3,glesson_8e74d0cdc0324dcaa7ace1d175619c98,,1,Clock time,数词 + 点 + (半 / 数词 + 分),"State the hour before 点, then add 半 or a minute value when needed.",Locates an event at a time on the clock.,approved,
gpattern_b8f437d423d84d90bfae5bf196bc5580,glesson_b8e097ea884c4549b8f6422ad2a796a0,gelement_15ecab3be109435ca0ccffcc06d370fa,1,Location noun,Direction + 面,"Attach 面 to a direction such as 里, 外, 前, 后, 上, or 下.",Names a side or relative location.,approved,
gpattern_a80e5ce3c9ca4bdd8b454ace08ccd4c4,glesson_a91ecbb9ff784ac392a137fb2dbd5cdf,,1,Brief or softened action,AA / A一A / A了A / ABAB,Repeat the verb in the pattern appropriate to its length and aspect.,"Makes the action sound limited, exploratory, or less forceful.",approved,
gpattern_2ff9bab40b9f4b37b149d34c0d0e8827,glesson_9e1e81c523f44c8cbc6c147e92033433,gelement_a87e802d9e374f6cb25d50f99f974d56,1,Possible event,Subject + 可能 + Predicate,Place 可能 before the predicate whose truth is uncertain.,Expresses the speaker's assessment that something may happen or be true.,approved,
gpattern_6f33bdbbdb5a4955ad11c59648f156be,glesson_9154adcdd1eb445d81f9f1b9e0f52031,,1,Separable verb-object word,Verb part + grammatical material + Object part,Keep the lexical pair together when no internal grammar is needed; split it when a licensed quantity or aspect pattern requires it.,Allows aspect or quantity information to attach to the internal verb-object structure.,approved,
gpattern_c0d6f5eec84c41b39c642bc6775e014e,glesson_5e7829e104354662a78adeb2b1d2dff9,gelement_5288e7852cdc4c0db93543d939c158be,1,Reason question,Subject + 为什么 + Predicate,Place 为什么 before the action or state whose reason is unknown.,Requests a reason rather than a yes-or-no answer.,approved,
gpattern_1d2ce7c2e68944a489007003fd915c43,glesson_80527658633340f598660551f1dd2e41,gelement_927cabd9146648fba0d50f8152667b47,1,Reflexive reference,Referent + 自己,Use 自己 where the clause refers back to its established person.,Marks self-reference or emphasizes personal involvement.,approved,
gpattern_b61ea9036c1b49ba8958a7c8affede38,glesson_125dc9b62eb74fe4bbc800701647cd66,,1,Deictic manner or degree,那么/这么 + Adjective; 那样/这样 + Verb,Choose 这- for a nearer reference and 那- for a more distant or previously mentioned reference.,"Points to a degree, way, or kind.",approved,
gpattern_97b7ece99f154ce09bcfd346d170ae37,glesson_125dc9b62eb74fe4bbc800701647cd66,gelement_4d35c207ae4842a283d2d9da5faaefd1,2,Every member,每 + Classifier + Noun + 都 + Predicate,Put 每 before the classifier-noun phrase and 都 before the shared predicate.,States that the predicate applies to every member.,approved,
gpattern_b6ef54844d7149ddab353b1a732f5b0d,glesson_cd8068aa406c4cf9973d0172420ae334,,1,Reduplicated description,AA / AABB (+ 的/地),Repeat a one-syllable adjective as AA or the two parts of a two-syllable adjective as AABB.,Creates a vivid descriptive or manner-reading phrase.,approved,
gpattern_ee8e5b72ad704a9f868fa4f5ae48d856,glesson_7120c20f6c874ce5b1af39be029dfd59,gelement_355a00010ad647e794c38b52d3ef46a3,1,Packaged quantity,Numeral + 包 + Noun,Put 包 between the number and the packaged substance or item.,Counts packages rather than individual contents.,approved,
gpattern_00516c28863644aa8db999b3434bad43,glesson_2ada6849a2bc4a1f9e2abad367cf7408,gelement_ccabcde8c07343c895b0cc39cce4589a,1,Number of occurrences,Verb + Numeral + 次,Place the numeral and 次 after the action verb or verb-object phrase.,States how many occasions the action has.,approved,
gpattern_ad5112c9bd4a42399a72fa2c1cc3f8e3,glesson_1f5b7591c8de4534a071d4e868fa3f63,,1,Exclamatory degree,多/好 + Adjective + 啊,Place 多 or 好 before the adjective; 啊 commonly closes the exclamation.,Highlights a striking degree.,approved,
gpattern_e6d2566946924674b64435c04322d149,glesson_1f5b7591c8de4534a071d4e868fa3f63,gelement_badce7b365884bd88dcb4edf4af1d1c1,2,Highest degree,最 + Adjective,Place 最 immediately before the adjective.,Selects the highest degree in the relevant group.,approved,
gpattern_295fe9f72fe5487984319bca28cb6922,glesson_c9eb971d6b9c48a191b9422e545b52e3,gelement_e1d0f2dbb2384f9b91234b703b971f4c,1,Shared action,Plural participants + 一起 + Verb,Place 一起 immediately before the action performed jointly.,Groups the participants within one shared event.,approved,
gpattern_500d2f6258d640c7b81e032e4bf24cfe,glesson_32b7676dc1714d9390f46157a5251722,,1,Time viewpoint before a predicate,Subject + Time adverb + Predicate,Place the time adverb before the verb or state it qualifies.,"Selects continuation, prior realization, frequency, imminence, or present progress.",approved,
gpattern_1983588db8224ec589f6374cf914129d,glesson_8b5643c69b5541b087e6806ecef94f7e,,1,Frequent action,Subject + 常/经常 + Verb,Place the frequency adverb before the repeated action.,Presents the action as common or habitual.,approved,
gpattern_6a5bf45b22ed4fe4b6f517c26e86bde7,glesson_6eec0008af9b4d6fbc582149b6303e6e,gelement_05d9d26e873746158cb0ff9298cc912c,1,Do not,(Subject) + 别 + Verb,Place 别 immediately before the prohibited action.,Forms a negative command or warning.,approved,
gpattern_d09d3f2e23884000b45daa5f0c6d0ccb,glesson_645bec7bf7d34fab8a8a2dd3559217e8,gelement_39be2073c23943338abe83c4de4e3886,1,Later step,First action + 再 + Later action,Put 再 before the action that should happen second.,Orders two actions without claiming repetition.,approved,
gpattern_dd469d3ee5c34a78bc0d498c1185ee33,glesson_645bec7bf7d34fab8a8a2dd3559217e8,gelement_1718724a3e2c4dc3b8135af4a8faf509,2,Prompt next step,Condition/Time + 就 + Result,Put 就 before the result that follows readily from the first part.,Links the second event closely to the first.,approved,
gpattern_59cff157eace4f7e9440685cc7a1b0e6,glesson_527c85c04e5b411f83b5db806dc52df8,gelement_78468181c7734ec1b50654d138e25f65,1,Reached point,都 + Predicate + 了,Place 都 before the state and close the reached-point statement with 了.,Highlights that a time or amount has already been reached.,approved,
gpattern_bdd14334207d4565b93c7070f1cdc5f4,glesson_527c85c04e5b411f83b5db806dc52df8,gelement_a8ab68cc94db4257b8dd7c25b025845e,2,Narrowed choice,Subject + 就 + Focused predicate,Place 就 immediately before the deliberately narrow or exact choice.,"Conveys 'just,' 'only,' or 'precisely.'",approved,
gpattern_3657b1d6972b472d8123188ceca83121,glesson_527c85c04e5b411f83b5db806dc52df8,gelement_71f7267b0b774e98910c66b355661ca6,3,Maintained course,Subject + 还是 + Predicate,Place 还是 before the action or state that remains in force.,Keeps that course despite preceding context or an apparent obstacle.,approved,
gpattern_ba4976d71a444475af1772c373d452c7,glesson_55984ca37edd412280de4d44daaa9275,gelement_88fd398ff0324169beee7bb31a4fab66,1,Starting point,从 + Time/Place + Predicate,Put 从 before the time or place that serves as the starting point.,Sets the origin of an action in time or space.,approved,
gpattern_7f9a497f098043f793451eed1f61b46a,glesson_6d2bab0c242a402a809aabb3179c3e00,gelement_c1b53f254c5f4206b45ae202f08ee602,1,Movement direction,往 + Direction/Place + Movement verb,Put 往 and the direction before the movement verb.,Orients the movement toward that direction.,approved,
gpattern_216cb31200b44e759f50bbfb27d5a624,glesson_5e8e696279814a90be92d5a941dd0a09,gelement_55fa718dfa5d49819f36c00cda497cf1,1,Source or route,从 + Direction/Route + Movement predicate,Put 从 before the side or route associated with the movement.,Specifies where the movement comes from or which path it follows.,approved,
gpattern_1e52a428c8934e4ca1ab524b6d420fb5,glesson_77963a8dd549420597887a52f0701f48,gelement_a6d76f732e1740dfbb1500883392e983,1,Action for someone,Subject + 给 + Person + Verb + Object,Put 给 and the affected person before the main verb.,Marks who receives the result or benefit of the action.,approved,
gpattern_938ea5befd3c49dfb833c32b48aea7e2,glesson_a0dc28dcfc874f248315ca3e394ff720,gelement_5062673e63bf4cdd859a78e40f4965e0,1,Comparison standard,A + 比 + B + Predicate,"Put 比 before B, then state the property or action compared.",Compares A against B.,approved,
gpattern_a68cdaf93b034450b607383165e5d53e,glesson_db995a72a5ac4c5b855161e5e39a7d72,gelement_01e8da38441e480e9f1298dec033d8de,1,Accompanied or directed action,Subject + 跟 + Person + Predicate,Place 跟 and the other participant before the action.,Marks a companion or counterpart involved in the action.,approved,
gpattern_b7fdec329f444b0c88a9c0b32ea1ebfd,glesson_46b84a7de49e4772a750a61d5bec8cc9,gelement_13fea372265a472ba1a4a60829494ddd,1,Reason phrase,Subject + 因为 + Reason + Predicate,Put 因为 and its reason before the main predicate.,Presents that reason as the cause of the main event.,approved,
gpattern_d4ce203348884f0f988456cd146a19b9,glesson_77b3c6754a5e4c1d97dc166a76a2db8d,gelement_79ec995ab8754922b1a80e540ab20e06,1,Parallel coordination,Item A + 跟 + Item B,Place 跟 between two items with the same grammatical role.,Combines the items as a coordinated unit.,approved,
gpattern_72a2ff81a2574345881e2f83c584d4e7,glesson_b49ce6a5128c454fa3be3acb1540abf7,,1,Contrast,"Clause A, 但/但是 + Clause B",Put 但 or 但是 before the contrasting clause.,Marks the second clause as contrary to an expectation from the first.,approved,
gpattern_99a19f6af81a4e3f89594fbd33ec4081,glesson_b49ce6a5128c454fa3be3acb1540abf7,gelement_5efb1e963dbe4f4eaf14354629c43723,2,Contextual response,"Situation, 那 + Response",Put 那 before the response drawn from the preceding situation.,Means 'then' or 'in that case.',approved,
gpattern_7000c925dd53474185aacae6518be461,glesson_b49ce6a5128c454fa3be3acb1540abf7,,3,Clause relation,"虽然 + Clause / 因为 + Cause, 所以 + Result",Place each connector at the beginning of the clause whose logical role it marks.,"Introduces concession, cause, or result.",approved,
gpattern_8b8de0a5cafa45b98d43cb6111c32838,glesson_b49ce6a5128c454fa3be3acb1540abf7,gelement_0b57985300a7412fa7d0c02280c18807,4,Alternative,Alternative A + 还是 + Alternative B,Put 还是 between the alternatives.,"Presents a choice, especially in a question.",approved,
gpattern_f29eb98d3b3e4c8d92d44e5998d95f36,glesson_15acb1d75c46459f99b079ced557b9b0,gelement_2a55526e8bba4c4d8660858a0979b631,1,Post-verbal complement,Verb + 得 + Description,Put 得 after the verb and before the description of its performance.,Evaluates how the action is performed.,approved,
gpattern_a4f7a288649042fdad3aa5a0eb4ad491,glesson_15acb1d75c46459f99b079ced557b9b0,gelement_8ca560555522451fa23470003dfb5033,2,Pre-verbal manner,Description + 地 + Verb,Put 地 after the manner phrase and before the action.,States the manner in which the action occurs.,approved,
gpattern_b85e0faea6034c4d916253ed2472cab1,glesson_e8f9265e5c9d4c4f8dcdc6d045857372,gelement_26c71cafee7e415a8a3654492b2e3550,1,Prior experience,Subject + Verb + 过 + Object,Place neutral-tone 过 directly after the experienced action.,States that the experience occurred at least once before.,approved,
gpattern_24369c6380d44d4d9095c159e96a301d,glesson_8b55af09f88745a6af81c4cde9573d68,gelement_e055423eec734f6e8a5e25b32b2f54e6,1,Continuing state or action,Verb + 着,Place neutral-tone 着 immediately after the verb.,Keeps the verb's state or activity in effect at the reference time.,approved,
gpattern_84a2662df05b44f49c132179db17096a,glesson_ae778daeb15447bea503c3e2bea7e4a2,,1,Sentence-final stance,Clause + 呢/吧/的/啊,Place the selected neutral-tone particle at the end of the clause.,"Adds the speaker's question stance, uncertainty, assurance, or emotional response.",approved,
gpattern_9cf55261b7ac4bb1b66ca6541f2c75db,glesson_bee3f7b4aa384c42b6795c0adb6d56f9,gelement_941c3e6fc9b3421ca7716606d925e807,1,Understood head noun,Modifier + 的,End the modifier with 的 and omit the noun that context already identifies.,Means 'the one(s) that...' or 'the ... one(s).',approved,
gpattern_65428227d3ee47a8af206bf15ae8f01f,glesson_5de2d33fd67d4f0ea3f7855d4e242d82,gelement_d1d79e441cdb4fc484421ba3e52aaee0,1,Shared-subject action sequence,Subject + Verb phrase 1 + Verb phrase 2,Place the verb phrases in their natural sequence without a conjunction.,"Expresses movement plus purpose, means plus destination, or another close action sequence.",approved,
gpattern_17bf3dbd058f4ffe8f9c76b79611d798,glesson_6d88ea2c75964933848765ca878452de,gelement_1904386d850149f58af0449d56b79cb2,1,Shared middle participant,Verb 1 + Person + Verb 2,Put the person after the requesting or causative verb and before the action that person performs.,Links the first verb to a second action carried out by its object.,approved,
gpattern_229d05349220450aa9b6e664235e91dc,glesson_e3981bef253e46c48e9f20daecf6002f,gelement_640ac4b94dde4825bf27033ae611532e,1,Non-exhaustive list,Example A、Example B + 什么的,Place 什么的 after one or more representative list items.,Signals that the list is illustrative rather than complete.,approved,
gpattern_3dcce99fa2f941dd90ae31d348f27d51,glesson_1c115b4f31ce47338c90eacee08d91c1,gelement_279457444c29492ab43923a4248efe4e,1,Preferred recommendation,Subject + 还是 + Predicate + 吧,Place 还是 before the recommended action and 吧 at sentence end.,Presents the action as the sensible choice while softening the advice.,approved,
gpattern_3a1f8f441f10434bbbca9e935f7d619c,glesson_05bde99c7379415a9e1067abc6f1e4ce,,1,Approaching change,要/快要/就要 + Event + 了,Put the imminence marker before the event and 了 at the end of the clause.,Presents the event as close to becoming the new reality.,approved,
gpattern_c5c75827affe4e15bdaaa011b3a4b70f,glesson_5029adfdc6f545af98383219c99bfa91,gelement_6b1222ef97c94147b339af4bff30c468,1,Reached threshold,都 + Reached point/Predicate + 了,Place 都 before the emphasized point and 了 at the end of its clause.,Draws attention to the fact that the threshold is already current.,approved,
gpattern_5b87735d26534052b0a91442dbd3e11c,glesson_badca6da43d5461281a859c1d488ba49,gelement_e4018ddfa0cd441bb774f186ddeed945,1,Affected subject,Patient + Verb + Result,Place the affected entity before a predicate describing what has happened to it.,Focuses the resulting state without naming an agent.,approved,
gpattern_c8090c595ad4489989315035d07923e7,glesson_9ef8d5cea59d47638f54e8f4a61765e1,gelement_fef70314bdef441985283bcce355cf4f,1,Direct nominal predicate,Subject + Nominal phrase,Place the nominal expression directly after the subject without 是.,"States a calendar, age, quantity, or similarly classifying fact.",approved,
gpattern_d7ebc3c5172440caa4be3d8a89015a23,glesson_8f0d645b2a3f4c93abb66903f3c5558f,,1,Clause-like noun modifier,Verbal/Subject-predicate phrase + 的 + Noun,Place the complete modifier before 的 and the noun it identifies.,Selects the noun through an associated action or proposition.,approved,
gpattern_ba118ee121bc410b90795709f48036c2,glesson_47f3b0ed04bf4a36a6956dd0695c632a,,1,Verb plus achieved result,Verb + 错/懂/好/会/完,Place the result complement immediately after the action verb.,States what result the action reaches.,approved,
gpattern_a78b5d6de9f04ed7a8551a810f1efc1c,glesson_01b862ef28b441d2bc831c4224c8cc4a,,1,Viewpoint direction,Verb + 来/去,Add 来 for motion toward the viewpoint or 去 for motion away from it.,Locates the action relative to the speaker or contextual reference point.,approved,
gpattern_52015cd00d694d50b773b2f9583e90c4,glesson_f31d698d638445f1a9feb41d157fe04b,,1,Basic path after a verb,Movement verb + 上/下/进/出/过/回,Place the path complement directly after the movement verb.,Adds the action's path without yet encoding toward-versus-away viewpoint.,approved,
gpattern_93c7b4c44574493bb50ef263f7c17d72,glesson_ee41e6416f824d27b1eb8c57691de21b,,1,Path plus viewpoint,Movement verb + Path + 来/去,"Choose the path component, then use 来 for motion toward the viewpoint or 去 for motion away.",Combines route and conversational direction in one complement.,approved,
gpattern_957a9e4ec7734018a3303363c6f7e90c,glesson_ede1b62f33a6494a85014b585331b428,gelement_f20413b33ca648bb9437b521445fbdf4,1,Performance description,Verb + 得 + Adjectival phrase,Put 得 after the action verb and the adjectival description after 得.,"Evaluates the action's manner, state, or degree.",approved,
gpattern_5a0a966f36c7449babed3bfffd1397d5,glesson_c3771e2abd7742728367260732b013c7,gelement_2c5bdf526e7047618c177f6140977530,1,Action duration,Verb + 了 + Duration,Place the duration after the verb and its aspect marker when the event is realized.,Measures the span for which the action lasts.,approved,
gpattern_77dcf35373c2429aafa0b3ea86d537cb,glesson_ffbf32e9af2f483ea949c0ad313f0001,gelement_48620483fc8145edb5eb3d02b3217f8c,1,Measured property,Adjective + Quantity,Place the quantity immediately after the adjective.,States how much the property differs or reaches.,approved,
gpattern_f95f13882fab49e7ac558461a113152e,glesson_a6853982d0af406fa888be25a7d45bd3,gelement_6ffeac848dac4e2da9daf45fc56ed1ef,1,Topic plus internal description,Topic + [Subject + Predicate],"State the overall topic, then use a smaller subject-predicate phrase to describe one of its aspects.",Organizes a description from whole topic to relevant part or property.,approved,
gpattern_9d78f483c8bf467d9a9f230baf5b9746,glesson_52acdf2be231401cb6641db150ed1b78,gelement_25c9b342926a4a299d92ab6095269431,1,Choose A or B,Alternative A + 还是 + Alternative B？,Put 还是 between two parallel alternatives and use question intonation.,Requests selection rather than a yes-or-no judgment.,approved,
gpattern_70b7746495ac4cba9627107bbf4b040e,glesson_b26122dc1f28458583e65e8d71623385,gelement_561315d689db421f8a699f41cc60b434,1,Negative instruction,(Subject) + 别 + Verb phrase,Place 别 immediately before the action the listener should avoid.,Forms a direct negative request or command.,approved,
gpattern_d30f2c59345e41b2a117064ebce0ce4f,glesson_a35f4c8b3a7545ddbd5495e9946d2dd3,gelement_28aabe7bff214fa0ab4587e21b671bb6,1,Nominal characterization,Subject + 是 + Descriptive nominal phrase,Put 是 between the subject and a noun-like expression that explains its characteristic.,Classifies or describes what kind of thing the subject is.,approved,
gpattern_e14583e21c344f4e87c01efafc17f07b,glesson_a7c3f16190ef479f9dc90866f0f19fd3,gelement_f873ce5f6edd43468779fa5aa0b26a4e,1,Quantity attained so far,Event/Situation + 有 + Quantity (+ 了),Place 有 before the reached quantity; add final 了 when relating the attained duration to now.,States the amount or duration that the situation has reached.,approved,
gpattern_3cb45bf5c9bd460998ac4922686f49fe,glesson_8406c000714148ed93355a655ae380e4,gelement_52fb499cc37c46d2a02912fe432a7996,1,Entity present at a location,Place + Verb + 着 + (Numeral-Measure) + Noun,"Begin with the place, add the posture or state verb plus 着, then introduce the entity.",Presents what is found at the location and how it is situated.,approved,
gpattern_e4bb54c8c3054411b8d6b616273a90ca,glesson_8cd3774517fc4724be7340812ecbe749,gelement_3bf83e2c2d86457e911a43f99b620856,1,Greater property,A + 比 + B + Adjective,Place 比 and the comparison standard B before the adjective.,States that A exceeds B in that property.,approved,
gpattern_259c46f9d7b544358a5cba3bc9206577,glesson_3eb252ea7d424841a3152d08aa6cc546,,1,Specified comparison gap,A + 比 + B + Adjective + Quantity/Degree complement,"Build the basic 比 comparison, then place the measuring complement after the adjective.",Makes the size of the difference explicit or approximate.,approved,
gpattern_862991ea1aff49748adc23d993bb618f,glesson_6ef576543f8541009ddc1864bf774cfb,,1,Reach a comparison standard,A + 有/没有 + B (+ 这么/那么) + Adjective,"Place 有 or 没有 before B, optionally add the degree demonstrative, then state the property.",Expresses equality or failure to reach B's degree.,approved,
gpattern_6ecfc3d6ab694346b6bb8c7d98930715,glesson_0d882781e8774e09858c603addc4ffee,gelement_ee8b5fc768a146538b300291ec1fef63,1,比 phrase before the verb,A + 比 + B + Verb + 得 + Adjective,"Place the comparison standard before the verb, then use 得 to describe performance.",Compares how A and B perform the same action.,approved,
gpattern_8ed6086d43f9435baf652b7d20a2c630,glesson_0d882781e8774e09858c603addc4ffee,gelement_607816881e08407ab1143010be6945f4,2,比 phrase after 得,A + Verb + 得 + 比 + B + Adjective,"State A's verb first, then place 比 B inside the 得-complement.",Gives the same performance comparison with a different information order.,approved,
gpattern_a18d063284fb4f7cbfdde466b0dcaa0a,glesson_ffe80b1988b84769a16676ccb04b2e61,,1,Focused event circumstance,Subject + 是 + Focus + Verb + 的,Place 是 before the focused circumstance and 的 after the event predicate.,Contrasts one event detail while presupposing the event occurred.,approved,
gpattern_46fdc746297a4e9fa709c0b6ce912db7,glesson_1498a4583ff14c99892cf06f0b72f6e6,,1,Person caused or requested to act,Subject + 请/叫/让 + Person + Verb + Object,Put the acting person after the requesting or causative verb and before that person's action.,Varies from polite request to instruction or permission/causation.,approved,
gpattern_bdbb2a1fd185490b961481417a2b3edc,glesson_993586dc6e8f4916b41298d63695c08d,gelement_c1a203e4330b43c4bddb0f30aa27c1f1,1,Transfer to a recipient,Subject + Verb + 给 + Recipient + Thing,"Attach 给 to the transfer verb, then place the recipient before the transferred thing.",Expresses who receives what through the action.,approved,
gpattern_94d877f7ad804067ad8b2bbcdd6c7570,glesson_68db8b2f6deb4411af949bf10e1bb513,gelement_52dff1b816fc4186b47164050d588249,1,Choice between situations,(是) + Clause A，还是 + Clause B？,"State the first possibility, optionally with 是, and introduce the second with 还是.",Requests a choice between two full situations or actions.,approved,
gpattern_5b20381ecfdf4b9f8cc4dbab4ce2a319,glesson_03c64f5939e34fb5ae2e9318a50693cf,gelement_07f6f9c53eb740d6bdb204affcecbfd2,1,Conceded fact and contrast,虽然 + Clause A，但是 + Clause B,Put 虽然 before the conceded clause and 但是 before the contrasting main clause.,Shows that Clause B holds despite Clause A.,approved,
gpattern_9b92b8932b9940a7bf6e49574e36ba37,glesson_cd8a7497afe54bbeb49b0343599ed9ec,gelement_62429daf4f0e48ebadf5f0943a3aff37,1,Cause and consequence,因为 + Cause，所以 + Result,Put 因为 before the cause clause and 所以 before the result clause.,Makes the causal relation between two clauses explicit.,approved,
gpattern_f5ccdff5a0104f2e84527b9b6a1c2219,glesson_6f0127d426cf4bf68701631287733166,gelement_66a196caf5924814a2a9987d7977109f,1,Immediate trigger and result,一 + Trigger，就 + Result,Place 一 before the trigger predicate and 就 before the following result predicate.,Links the result tightly and promptly to the trigger.,approved,
gpattern_b6d17c0a55164ebf85971ab510d8cff0,glesson_8ff45e3161d942abb8dd0470128fe4d5,gelement_ba4ce89d17f84f10985cb91de9042fd5,1,State kept in effect,State/Posture verb + 着,Place neutral-tone 着 after the verb naming the maintained state or posture.,Presents the state as continuing at the reference time.,approved,
gpattern_f376db5971d647aeb1af29f977cb137f,glesson_5e4c4bb2dc1543c1b1e7afbef39ca393,gelement_60a93714d5fa46e9a4f97b7ed95263d6,1,Activity in progress,Activity verb + 着,Place neutral-tone 着 after the activity verb.,Keeps the activity ongoing through the reference interval.,approved,
gpattern_787768cabaec4953aa86f92522789439,glesson_850e51837bbb4d249c84d673457cb2e1,gelement_22aa81ea1aa5438c895774eeab07df05,1,Have ever done,Subject + Verb + 过 (+ Object),Place neutral-tone 过 after the experienced action.,Adds the action to the subject's prior experience.,approved,
gpattern_6636aecbe2d847a7ba8645fc67feebbc,glesson_e77d15c96ede4ed4b4125715ee306f3a,gelement_19872b7c2d5149a98b5cf6a9d381431a,1,Numbered position or label,Numeral + Measure/Label,"Put the numeral directly before a conventional floor, date, or label unit.",Identifies order when the context supplies an ordered series.,approved,
gpattern_e26e6ac3c6c4409c9347b16cff5fd8ff,glesson_00381ffa4caf46d8a88816e5c574b3e9,gelement_83073577ae7a4b5ea442041934c1a3dd,1,Small approximate count,几 + Measure + Noun,Put 几 before the measure word and optional noun.,Leaves a small count intentionally inexact in a declarative context.,approved,
gpattern_7c8d2c01dfeb40768c4e5a32950589f5,glesson_dd80611de9834c14b69a9d00ac756445,gelement_a1ebf609b8c6474094c7e588cd6587e4,1,Just over a round count,Round numeral + 多 + Measure + Noun,Put 多 after the round numeral and before the classifier or measure.,Leaves the exact amount unspecified above that round number.,approved,
gpattern_8928e74c94914c79aaf4e6610aa83a67,glesson_237b83ef82744366b4ac454c615a734f,gelement_697a74270a6e4e59bd9c6f11f8d9d084,1,More than whole units,Numeral + Measure + 多 (+ Noun),Place 多 after the measure unit and before any following noun.,States the completed whole units plus an unspecified amount short of the next unit.,approved,
gpattern_e242280471654454a40cc9cfb49c1fa1,glesson_6e7cfe6abe734612a4e5a72de1210257,gelement_ba81934ad1d6410b92ee5ebd11107f9b,1,Familiar relationship,老 + Human relationship noun,Place 老 directly before a suitable human noun.,Presents the relationship as established or familiar.,approved,
gpattern_d1e51b55295945039578bbb012702164,glesson_32471e0e6d8446e5baff7c10a29196dd,,1,Derived noun,Base + 家/子/员,Attach the selected suffix directly to its conventional base.,Creates an established label for a person or thing.,approved,
gpattern_6ec72a2fd2ef4aa1ac4d0b8e75d575ea,glesson_867901eb059049e79b6ff537b4ab9bed,gelement_eb12509fd4be40eebccbab586ecfbb44,1,Method or condition question,Subject + 怎样 + Verb / Subject + 怎样,Place 怎样 before the action or in the descriptive position being questioned.,Requests a method or asks what a situation is like.,approved,
gpattern_7ed300a5c4ec45c1bdb7f51c1207c70a,glesson_5d546dc5765a4b47a1819003e41f0888,gelement_41da070096544d089b7d6d78de1289ae,1,Question word plus 都,Question word + 都 + Predicate,Place 都 after the question-word expression.,"Includes every possible person, thing, place, or manner.",approved,
gpattern_580526ccb9804458bd1686ebc09d9c87,glesson_5d546dc5765a4b47a1819003e41f0888,gelement_c363287d212b4c6f9faef97ba833d34e,2,Matching question words,"Question word + Condition, Question word + Result",Repeat the same question word in the corresponding positions.,Lets each unrestricted choice determine the matching result.,approved,
gpattern_d9ad3b71a2c243d081238bee3f7c3d16,glesson_bea2dc463fb3437fac779d881872add9,gelement_fa04af9325054196b0534b53127a915d,1,Indefinite reference,Verb / Modal + Question word,Use the question word in an ordinary statement position.,Leaves the referent unspecified rather than requesting an answer.,approved,
gpattern_f899e9b4d0f549fcbc26fe154f6ca0be,glesson_67af68618b554c8e8f28c44bd041bfce,gelement_6f42f200307e4783b14f217719534103,1,Each and every,Measure word + Measure word (+ Noun) + Predicate,"Repeat the measure word directly, with the noun optionally following.",Applies the predicate separately to every member of the set.,approved,
gpattern_b5aec2984f1c4d7c80bcbdc6f3ffd745,glesson_5fb2d0bf9f384280a2d05a727fbc624e,gelement_b1fc9c2e0787479a9389fb8b4ce6754f,1,Two concurrent actions,一边 + Verb 1 + 一边 + Verb 2,Put 一边 immediately before each action.,Shows that the same subject performs both actions at the same time.,approved,
gpattern_34006fed280749fd977182c84906a2b0,glesson_69679885521946b7a6801b6ca1c2716d,,1,No necessity,Subject + 不必/不用 + Verb,Place the expression directly before the action.,States that performing the action is optional or unneeded.,approved,
gpattern_3faafcaf5a5747e38bb16dc359d3647a,glesson_0ca9c57f33894bcc9dfd898fbacfaf78,gelement_1444f9d43edd472ea734adc3a9f48d05,1,Beneficiary,为 + Person + Verb,Place 为 and its beneficiary before the action.,Identifies who benefits from or motivates the action.,approved,
gpattern_e231297df0674758853c695530f246ee,glesson_0ca9c57f33894bcc9dfd898fbacfaf78,gelement_f4e43c2ca48747ac88d5f88cbfffa49d,2,Addressee or target,向 + Person/Organization + Verb,Place the 向 phrase before the directed action.,Directs communication or another action toward a target.,approved,
gpattern_c3292ca283964170bcab183f0ead5fd2,glesson_0ca9c57f33894bcc9dfd898fbacfaf78,gelement_cfbdeaa073b140fd9cab069ba21f3e3a,3,Topic,关于 + Topic,Put 关于 before the topic phrase.,"Frames what a statement, question, or discussion concerns.",approved,
gpattern_d9ec778a628a473597e5b85101326a37,glesson_309a16f37538472988dbe46293b62779,gelement_df1fbe382fb84482a314e315030445a4,1,Movement direction,Subject + 向 + Direction/Place + Movement verb,Place the 向 phrase before the movement verb.,Identifies the direction in which movement proceeds.,approved,
gpattern_10d1193881ff4b278b7a991802c4065a,glesson_c8f640cc55c34c5ebcf4f8c68c0f9a83,gelement_70cbbc40082e482dbd784f231cc5278e,1,Intended purpose,"为了 + Goal, Main action",Place the purpose phrase before the action undertaken to achieve it.,Explains the goal motivating the main action.,approved,
gpattern_cac3cc7f08514597913f147bc68da036,glesson_c8f640cc55c34c5ebcf4f8c68c0f9a83,gelement_93b9e1306d154cc4bec3645302024ebb,2,Reason or concern,为 + Person/Thing + Predicate,Place the 为 phrase before the emotion or response.,Names what prompts that response.,approved,
gpattern_badaadf981ec4491b64410a473dfe32b,glesson_65181384815e48bb8984cea0ad0c86e5,gelement_007f0fb5973144e282757aad5f0a2536,1,Disposal construction,Subject + 把 + Object + Verb + Outcome,Place the specific affected object after 把 and before the predicate.,Highlights what happens to that object.,approved,
gpattern_5316ccfa7fd3469bae5628b2b350bcc7,glesson_65181384815e48bb8984cea0ad0c86e5,gelement_59b7dc0da93c4098b57f64528563d687,2,Passive construction,Patient + 被 (+ Agent) + Verb + Outcome,Put 被 after the patient and the optional agent after 被.,Presents the event from the affected participant's perspective.,approved,
gpattern_003012e9d0464011abd6f10081a0be83,glesson_f8df5d8520dc416f90cc4c5f48366344,gelement_f3240b07865e46ddbb06aeb4b6803066,1,Stated basis,"根据 + Basis, Statement/Action",Put 根据 before the source or evidence.,Frames the following statement or action as grounded in that basis.,approved,
gpattern_944b2d60b6a544a8960b13bc59fabfbd,glesson_00d57d729c7f4d23b440054ccc241d9b,gelement_53754289cd2f46e397378fa2472ec0e1,1,Condition marked at the end,"Condition + 的话, (就) + Result",Place 的话 after the complete condition clause.,Makes the first clause the condition for the result or response.,approved,
gpattern_c50daeac304f437ead80ed3643c0ff1b,glesson_56c56a08a83a4a9fba7fb8f8edeac19e,gelement_320854760ffb48ee8264655af2896bf0,1,One unit at a time,Number + Measure + Number + Measure (+ 地) + Predicate,Repeat the same number-measure phrase directly.,Distributes an action across units or presents gradual unit-by-unit change.,approved,
gpattern_7f262371a8a44023a917140d20324948,glesson_c74f97e80cba4f0396cdf394f34eff1e,gelement_6f44b3d791b24f4a87edacdccc2e3c82,1,Neither extreme,不 + A + 不 + B,Place 不 before each of two contrasting adjectives.,Presents the subject as moderate between the two extremes.,approved,
gpattern_0888bdb9e8ea4466a419d2a0b9a442b3,glesson_5f19781ab8ae438e8b3b96ed0eeba473,gelement_1c7230ad25f6486e96312302fdde428c,1,Brief interval,"不一会儿, Event",Use 不一会儿 as a time expression before the event it frames.,Emphasizes that the following event occurs soon.,approved,
gpattern_d8d1b2e439bc461ab383c54f1cf92f5a,glesson_b0577291ea834c2d9ab205ab44afb00d,gelement_c10ef5873de24d8db9d452975b223aa2,1,Speaker's inference,看来 + Conclusion,"Put 看来 before the conclusion, often at the start of the sentence.",Signals that the conclusion is inferred rather than presented as certain fact.,approved,
gpattern_c80a66ceb3d84ef6b816fc19d3fdb4c6,glesson_17ce2c91cf0744cc88bc0f91363fc43c,gelement_6bf081eac2bc4b9f9f719fd5d6df9c25,1,Named viewpoint,"在 + Person/Group + 看来, Statement",Place the viewpoint holder between 在 and 看来.,Limits the following judgment to that person's or group's perspective.,approved,
gpattern_b1ce5eeeffde425884ba864a9be49460,glesson_f7e879eb77834d0b821cb273f009fb0a,gelement_47abfabaa67b4ad0a2f478e4871ef423,1,Increasing trend,Subject + 越来越 + Adjective/State,Place 越来越 directly before the changing quality or state.,Shows that the degree develops progressively as time passes.,approved,
gpattern_2bd8c23d9b014208bf99bd2eb631883c,glesson_a1dfe076faec4624ad1920ecf040d0c6,gelement_a185f429371c488d93e3bbde7a593377,1,Overall impression,Subject + 看起来 + Description,Place 看起来 before the description inferred from the impression.,Presents the description as how the subject seems rather than as an unqualified fact.,approved,
gpattern_9ed41d0684c94cdb8c01a99de1c09feb,glesson_f069e89cffa64b04ae56201517efa1f1,gelement_eb212b508b664b02a1ee7873e23eaa7a,1,Visual appearance,Subject + 看上去 + Description,Place 看上去 before the visually based description.,Marks the description as an appearance perceived by sight.,approved,
gpattern_700618aa0a2e46daabd7ab9b0612adfc,glesson_6846bb8213774651a3a0fc6f7ac335d6,gelement_0b1f7b486ae6444890b337adba2bf3de,1,General frame,"一般来说, General statement",Place 一般来说 before the statement being generalized.,Signals that the statement describes a normal tendency rather than every exception.,approved,
gpattern_283652cf6a8a49068d1c8646f15eef69,glesson_316c9bec0f684aa884fe3be17c0d0fa8,gelement_850f28d2a3504ab5a2004685f97d096c,1,Mildly negative assessment,Subject + 不怎么样,Place 不怎么样 after the topic or subject being assessed.,Gives a restrained negative judgment about quality or condition.,approved,
gpattern_9a1209be698c4f6385e8ed5cba7ac2e5,glesson_9d70695e91ed42b9a1bf70af3cbe7279,gelement_b593ad6687b0413faf704ba8d6d1d2db,1,Addition with 还,"除了 + X + 以外, Subject + 还 + Y","Frame X with 除了 and optional 以外, then introduce added information with 还.",Includes X and adds a further fact.,approved,
gpattern_d8e5f1cedd1f4665aff24e1953b9add0,glesson_9d70695e91ed42b9a1bf70af3cbe7279,gelement_f1555abcd4eb4814860610ef71e185b0,2,Addition with 也,"除了 + X + 以外, Subject + 也 + Y",Frame X first and place 也 before the additional predicate.,Says the additional fact is also true.,approved,
gpattern_fda5a665065f4a1f951867c127c805e7,glesson_9d70695e91ed42b9a1bf70af3cbe7279,gelement_bae318df2c144cc5a1c00142d48e84e7,3,Exception with 都,"除了 + X, Rest of group + 都 + Predicate",Name X after 除了 and use 都 with the remaining group.,Excludes X while applying the predicate to all remaining members.,approved,
gpattern_7f7373ba86384e068d145c96963df986,glesson_2de4d47ffc894d33bc269b63cecd62ef,gelement_12528e5cd0ad47dba52aee44cc980010,1,Starting point,"从 + Time/Place + 起, Continuing situation",Place the starting point between 从 and 起.,Establishes where or when a new continuing situation begins.,approved,
gpattern_7fde256cde6b4d97a658375997dcc187,glesson_86ade8b4e22942ec899e79e4ec99da30,gelement_eee7113bbf6c426299934582410ee815,1,Relevant perspective,"对 + Person/Topic + 来说, Statement",Place the relevant person or topic between 对 and 来说.,Limits the following statement to how it applies from that perspective.,approved,
gpattern_afec16ff4ca1420a855daef1aa0ee646,glesson_dfd078bbb2674897a0fe8cbec750e3bb,,1,Complete negation,一 + Measure/Noun + 也/都 + 不/没 + Predicate,Place 也 or 都 after the minimal quantity and negate the following predicate.,"Extends the negation to the smallest possible member or amount, producing an emphatic zero.",approved,
gpattern_cb72d3fe7b9c469e9c3ec1f232daa522,glesson_6baf35e486cf4338aa6637ee28bd8262,gelement_417a9948182e473297f72193d90c2a98,1,Zero degree,Subject + 一点儿也不 + Adjective/State,Place 一点儿也不 directly before the negated quality or state.,Denies that the quality exists to any degree.,approved,
gpattern_b88b420efa53466a9f2ed7cefdd9ae4c,glesson_6c2cdcd62e104b80b2eb3873a2b2787e,gelement_f7646c8cff5e413d93f9c070202ec595,1,Correlated change,"Subject 1 + 越 + Condition, Subject 2 + 越 + Result",Put 越 before both changing predicates.,Links the degree of the second change to the degree of the first.,approved,
gpattern_8b8979636f544529b5ff89ddba41112e,glesson_31d755e440e645e5b0c80f741acaea2c,,1,Before or after a reference,(在) + Reference + 以前 / Reference + 以后,Place the reference expression before 以前 or 以后; 在 is optional in suitable time frames.,Locates another event on the earlier or later side of that reference.,approved,
gpattern_91f6c97012bc46149654a3e326b31620,glesson_31d755e440e645e5b0c80f741acaea2c,,2,Compact before or after phrase,Time/Event + 前/后,Attach 前 or 后 directly after a compact reference expression.,Creates a time phrase meaning before or after that reference.,approved,
gpattern_db82bd91b158424f8fd1ebda7da2fcaf,glesson_dcc7fa1a622346d5a68dd65fad261172,gelement_abbfc84ad8e24ad8883dd16bbd1ff9c5,1,Rhetorical challenge,Verb/Adjective + 什么 + (啊),Place 什么 after the challenged action or quality; 啊 is optional.,Questions the point of that action or attitude rather than requesting its identity.,approved,
gpattern_9826cc8d989a449d9b2b32cb4aaa6175,glesson_79689c9fb74747b391ce575ac4167555,gelement_ee7813a801c14746ab850359c626953b,1,Appropriate time reached,Subject + 该 + Action + 了,Put the due action between 该 and sentence-final 了.,Signals that circumstances have changed and the action is now due.,approved,
gpattern_8442a6271a6a4224bc698f4914f8f111,glesson_d0c6abcc416f408382b08b81f1e5aa2e,gelement_9b6895b1440a4f5ab2b9f427a8a27b58,1,Topic domain,在 + Topic/Domain + 上,Place the topic between 在 and 上.,Restricts the following statement to that area or issue.,approved,
gpattern_0c26f93a98d1465583c4f218f3cdaf33,glesson_d0c6abcc416f408382b08b81f1e5aa2e,gelement_7cd74f5ac3fb419b8dfc30a67eac5910,2,Governing condition,在 + Condition/Influence + 下,Place the condition or influence between 在 and 下.,Says the event occurs under that condition or influence.,approved,
gpattern_fde15bf28b54477bb7e98daa7b6904cc,glesson_d0c6abcc416f408382b08b81f1e5aa2e,gelement_76aae282899d46469c61262db491647f,3,Process or setting,在 + Process/Setting + 中,Place the ongoing process or setting between 在 and 中.,Locates an event within that process or setting.,approved,
gpattern_163b9693869549f58629a379989e289e,glesson_0b941a74e636424585d377b2f70b4b2e,,1,Predicate-like expression as subject,Action/Quality + Comment about it,Place the action or quality in subject position before the sentence's main comment.,Treats that action or quality as an abstract topic that can be evaluated.,approved,
gpattern_d058343e88904a289f80d392203281c3,glesson_931fa872891644ec9551798943541630,gelement_a6fd0086878b40b7a8349c0ed7a5949d,1,Situation as subject,[Inner Subject + Inner Predicate] + Main Predicate,Place the complete inner situation before the larger sentence's comment.,Lets the larger predicate evaluate or identify that whole situation.,approved,
gpattern_58de786995384eb68f48977dbf5a2c19,glesson_d2efb4f8c516443bb43d91df0e487452,gelement_994cfb57deeb48bb93dabc4d81dca5de,1,Layered noun description,Possessor + Demonstrative/Quantity + Description + Noun,Place broader identifying modifiers before quantity and more inherent descriptions.,Builds one noun phrase containing several kinds of information.,approved,
gpattern_07046a5e80e24d1380dcfae1acd87b77,glesson_f95efe2751dd4f9e8608c4eaa8b4e1e5,,1,Result after the verb,Verb + 到/住/走/上 (+ Object),Place the selected result complement immediately after the action verb.,States what outcome the action successfully produces.,approved,
gpattern_67b85f0e18e64c81a2afa0c7cd9228ca,glesson_33ffecba3284470ea135a85bbe5d5923,,1,Conventional result,Verb + 出/起/下 (+ Object),Attach the complement directly after the verb.,"Select the complement that conventionally expresses the intended detected, recalled, or retained result.",approved,
gpattern_45b0b97caac34841a8c2f67428d7038b,glesson_93490e12936e4c7eb4b0fe18d6f003ff,,1,Action onset,Verb + 上/起来,Place 上 or 起来 after the verb whose onset is being marked.,Presents the activity as newly begun rather than already ongoing.,approved,
gpattern_890e520d3a314f41bd27a6448e4f9195,glesson_81a16c159ed04f33baf215dbe272a1bf,,1,Maintained action,Verb + 下去/下来,Attach 下去 or 下来 to the verb being continued.,Select 下去 for continuation onward and 下来 for continuation viewed as maintained up to now or then.,approved,
gpattern_9912eb19bd9c4a168087954297a57b03,glesson_cf0bf06ae7914411a782069d00b08c85,,1,Possible or impossible result,Verb + 得/不 + Complement,Insert 得 for possibility or 不 for impossibility between the action and its complement.,Evaluates whether circumstances allow the complement's result to be reached.,approved,
gpattern_1e2021b95b5f45459f174045ff63fb2a,glesson_d55e66f484e44c9aa5ebbbf4fcded9b9,gelement_eb40f71e6bd146d3a007825638247bc4,1,High degree after an adjective,Adjective + 得很,Attach unstressed 得 and 很 after the adjective.,"Gives the adjective a strong, often conversational degree reading.",approved,
gpattern_6a218b98ae314c8ebcfe6e35388a439e,glesson_46b1065e58094ca989310f1e3283e1e7,,1,Extreme state,Adjective/Feeling verb + 极了/坏了,Place 极了 or 坏了 after the quality or feeling being intensified.,Presents the state as reaching an extreme degree.,approved,
gpattern_836b12d6fb91455fb7a4b8ae4a9dc013,glesson_a406d28084104510ad51f2f6d103ecc6,gelement_93afc2e09adb4532abff8559181740a1,1,Elapsed time after completion,Subject + Endpoint action + Duration + 了,Place the elapsed duration after the endpoint action and close with 了.,Measures from the action's completion up to the current reference point.,approved,
gpattern_309e2030e09e4ffe8e2c3c4543503487,glesson_2e161ba40ebc413383365b8ee6d111c2,gelement_e218ff7a715b4b76b5680b106d3d63b2,1,Method question,Subject + 怎样 + Verb (+ Object)?,Place 怎样 immediately before the action verb.,Requests a method or manner rather than a yes-or-no answer.,approved,
gpattern_3371dc92b04d44f8942582054e912e86,glesson_662c3598b52345f1b16c437f9c50dd3f,gelement_3ea1e822640c4487a5aab36648c40c1e,1,Expected agreement,Subject + 不是 + Statement + 吗?,Frame the proposition with 不是 before it and 吗 at the end.,Prompts the listener to acknowledge a point the speaker regards as clear.,approved,
gpattern_d91a2086eeec4eaeaaee4535fab4d4e0,glesson_485f0c081660431cb26e6624feab453c,,1,Disposed object and resulting place,Subject + 把 + Object + Verb + 在/到 + Place,Move the known object after 把 and put its resulting place after the verb.,Focuses on where the action causes the object to be or arrive.,approved,
gpattern_f802524d34a94cbf8dff6f79550e3d5b,glesson_8291206edc9b4948a350de4f51adecae,,1,Transferred object and recipient,Subject + 把 + Object 1 + Transfer verb + (给) + Object 2,Put the transferred item after 把 and the recipient after the transfer verb or 给.,Highlights what is transferred while retaining the recipient after the verb.,approved,
gpattern_07455f21bbf6466195cddb1fbfe0b538,glesson_902e37aedf50494fb982985426947899,,1,Object plus completed predicate,Subject + 把 + Object + Verb + Result/Directional/State complement,Place the known object after 把 and complete the verb with the appropriate complement.,Makes the object's affected outcome central to the sentence.,approved,
gpattern_31a3e705aefe4c74a2dfa6ab441ec45e,glesson_8c5b4c0a54594df08a901d349e971746,gelement_0c7f10254a824836aec997cb6e70239e,1,Named-agent passive,Patient + 被 + Agent + Verb + Other element,Place the affected patient first and the responsible agent after 被.,Presents the event from the patient's perspective while retaining the agent.,approved,
gpattern_98e485b7c40a4419bf664264df25a19c,glesson_4e1807cc26d140f79028dbc028fcaa1b,gelement_0bc2a38aa1fe4448862c8d2e59aab92c,1,Agentless passive,Patient + 被 + Verb + Other element,Place 被 directly before the completed predicate when no agent is named.,Keeps attention on the affected patient and outcome.,approved,
gpattern_69a78310d4a541b3b5935d3e35674f95,glesson_9e80e20829b14b17a957359bb6bbc67e,gelement_743a4e1d81a349ccaed8281adc6489dc,1,Background manner plus main action,Subject + Verb 1 + 着 + Verb 2,Add 着 to the accompanying first verb and place the main action after it.,Shows the first posture or action continuing while the second action occurs.,approved,
gpattern_04c2c75e2ca94715a3253fe8df286363,glesson_756a581f98be48b5afa1b781494a4e72,,1,Intensified comparison,A + 比 + B + 更/还 + Adjective,Place 更 or 还 between the comparison standard B and the adjective.,Adds intensified degree to a basic 比 comparison.,approved,
gpattern_ad6d95f6e4744913b8ead34a6a5f800a,glesson_081ca9efc2fb40d79a01e906847593b2,gelement_43414ecb7f624310b9df40d35b326f8f,1,General equality,A + 跟 + B + 一样,Place the comparison standard B between 跟 and 一样.,States that A and B match in the relevant understood respect.,approved,
gpattern_c597f7afe06c43088693087798b28cf7,glesson_aee8f5d56fa24588a6ce2de696dc7b13,gelement_41151a34d46e4aeeacbac11151cfe616,1,Equal quality,A + 跟 + B + 一样 + Adjective,Put the shared quality directly after 一样.,States equality specifically along the dimension named by the adjective.,approved,
gpattern_b204a879d0764e42b642512ee67afa16,glesson_3c6e9fce50f743499075918414b62e11,gelement_c076e2dd51bd4934892d252e8532936d,1,Negated comparison,A + 不比 + B + Adjective,Place 不 before 比 and put the comparison standard B before the adjective.,Rejects a claim that A exceeds B on the named quality.,approved,
gpattern_b7b323fe7f884fc28f155bdb6d501dd1,glesson_7208ea54ca48453fa88ace572360521e,,1,Measured action difference,A + 比 + B + 多/少/早/晚 + Verb + Quantity,Place the direction of difference before the verb and its measurement after the verb.,Quantifies a difference in action amount or event timing.,approved,
gpattern_2c38aab0f0e74c43b74595f33f806f2e,glesson_ab55443f5842459e92950531f3a14640,gelement_f8dc13ea263945adabf52178093f193c,1,Appearance at a place,Place + Verb + Direction/Result + (了) + Number-Measure + New entity,"Set the location first, then report the appearance and introduce the new entity last.",Presents an entity as newly entering or becoming present in the scene.,approved,
gpattern_142a511ba6ba433ea9e9fdb68402102b,glesson_37870b2f9f64465286774f5376432844,gelement_261381e5834043039f0e3ba8b5f709f4,1,Disappearance from a place,Place + Verb + Result + 了 + Number-Measure + Entity,"Put the source place first, use a completed disappearance predicate, and place the affected entity last.",Updates an established scene by reporting what is no longer present there.,approved,
gpattern_29219660cab94c96b924b56995321dbf,glesson_1553ab51818642b2bc0841d9472a6c39,gelement_04e7f9d96a5c4a7d94f3865599cd96fb,1,Asserted stance,Subject + 是 + Judgment/Attitude + 的,Place the emphasized judgment or stance between 是 and 的.,Strengthens the speaker's commitment to that evaluation or position.,approved,
gpattern_24a94c83aae040548ac6b158b127bce5,glesson_a0f1859f68cb4d54b2caf12ff9e8237b,gelement_fddd93b60b7b4ac88eef71126982217a,1,Object then complemented verb copy,Subject + Verb + Object + Verb + Complement,"State the verb-object phrase, repeat the same verb, and attach the complement to the copy.","Allows both a direct object and a degree, state, or quantity complement in one predicate.",approved,
gpattern_a313d73be7054ec48f4b60f1184ee55e,glesson_086668360c5544938de5ede95467808a,,1,Ordered sequence,"先 + Action 1, 再/然后 + Action 2",Place 先 before the first action and 再 or 然后 before the following action.,Makes the temporal order between two actions explicit.,approved,
gpattern_c3682a6aef5249c096d769813ec2bf57,glesson_fafa2f30a8db4d60ab1046837b39b08e,gelement_71c05e38422b48f5be486cf928c245f3,1,Parallel alternatives,"或者 + Alternative 1, 或者 + Alternative 2",Place 或者 before each parallel alternative.,Shows that either alternative is possible or available.,approved,
gpattern_785da233185f49949e2976f722d243e0,glesson_7003f358f7df4bbeb820c60ae7eef247,gelement_e41b470c16b648b89d4b01b1f776fe54,1,Short-term alternation,"一会儿 + State/Action 1, 一会儿 + State/Action 2",Place 一会儿 before each alternating state or action.,Presents the subject as switching back and forth between the two.,approved,
gpattern_bc0bebfa3ff5433eabb20580e380ea9d,glesson_3699ff1d274242dca062cce0908bec20,gelement_a0509b7117a9445a8b32b19e4ec29dce,1,Two coexisting properties,Subject + 又 + Predicate 1 + 又 + Predicate 2,Place 又 before each parallel predicate.,Affirms that both predicates hold for the same subject.,approved,
gpattern_e7bff10cd58947a1b657c67a0a876b46,glesson_78985b77a53a429aa7bb1d642fdf7494,gelement_9b00ff1f6b10430e9d6b799f502f35e5,1,Simultaneous actions,Subject + 一边 + Action 1 + 一边 + Action 2,Place 一边 before each of the two concurrent actions.,Presents both actions as unfolding during the same period.,approved,
gpattern_4bb4ed4a59f042449050e83d86730fd0,glesson_b06d9fcf7b8d414eb52e92cdd74392a7,gelement_d120cf3932e34918bb311f6e926ee8b0,1,Strengthened addition,"不但 + Point 1, 而且 + Point 2",Place 不但 before the first point and 而且 before the added point.,Builds emphasis by extending the first statement with additional information.,approved,
gpattern_315d26774606464cba250286fc039d02,glesson_ac8a06a59b734a0b9926e0b5e721fa87,gelement_56f5298e0db642b9a6a354001589170d,1,Concession plus main contrast,"虽然 + Conceded fact, 可是 + Contrasting result",Place 虽然 before the acknowledged fact and 可是 before the main contrasting result.,Shows that the second fact holds in spite of the first.,approved,
gpattern_fd5c0e3906cc40bbbb2f3a7dc7bdaf9a,glesson_f182cc46e3b946abb96f53dda5e4df1c,gelement_dfeabfd8fe514436a7bbbaf236d364da,1,Condition and consequence,"如果 + Condition, Subject + 就 + Result",Put 如果 before the hypothetical condition and 就 before the consequence.,Links a possible situation to what will happen or be done in that case.,approved,
gpattern_fef6a36320e84f04aeed1c0364049bcd,glesson_7f858a43efcf4b10be8832af83ec2c3a,gelement_2776897ac49547b6974e012d871d4c28,1,Clause-final condition marker,"Condition + 的话, Subject + 就 + Result",Put 的话 at the end of the condition and 就 before the result predicate.,Creates an explicit hypothetical link while marking the condition at its end.,approved,
gpattern_6744d851abbe4da4b44019ffb4520569,glesson_498b753c7da54f61b6841874434f7a84,gelement_4a459dabcad9488bb539a89f174e5c32,1,Necessary condition,"只有 + Condition, Subject + 才 + Result",Place 只有 before the required condition and 才 before the result.,Restricts the result to cases in which the condition is satisfied.,approved,
gpattern_3adaee2335294e5fb652f1cf01e1affa,glesson_428b8aa5e9bd475cbf3fa5ef7ba5b5eb,gelement_b4ff0e8541094705bff8a38644faaf73,1,Sufficient condition,"只要 + Condition, Subject + 就 + Result",Place 只要 before the sufficient condition and 就 before the result.,Presents the condition as enough to guarantee or license the consequence.,approved,
gpattern_95bf7923409a441bae57f0b837d9699a,glesson_a0126ffa7598439aaae163fcd7508b72,gelement_359fa34ea8724e23ad002b89c3ba6052,1,Purpose before action,"为了 + Goal, Subject + Action",Place 为了 before the intended goal and put the means or action in the following clause.,Explains what desired outcome motivates the action.,approved,
gpattern_4c8317526eb24cd8b52a1d8ca3f76bed,glesson_9315a8f6d7df428daba515fc04d63e30,gelement_de8f0914d09442df9d79bb1d7aedddde,1,Completed trigger with 就,"Verb + 了 + Object, Subject + 就 + Next action",Mark the first event complete with 了 and place 就 before the following action.,Compresses a condition or temporal sequence and emphasizes a direct transition.,approved,
gpattern_ff9c6b66356f407ea681214b4d336dc4,glesson_9315a8f6d7df428daba515fc04d63e30,gelement_f8cf52fd9e5543889e29fc034b257945,2,Completed trigger without 就,"Verb + 了 + Object, Next action",Mark the trigger event with 了 and state the following action directly.,Uses the completed first event as the understood condition or time for the next action.,approved,
gpattern_a00500f805694d84a83459a687d11188,glesson_e253e9a29c714cd8a4333d3f8428b903,gelement_f3061dc6db5c45f7ba8a04f6964cde25,1,Estimated quantity,大概 + Number-Measure phrase,Place 大概 directly before the estimated quantity.,"Signals that the number is a reasonable estimate, not an exact count.",approved,
gpattern_ce9194b0c4694e88b890e62aae31ba9a,glesson_687cfec23a554ec897fe4131b27568d7,gelement_1e617dbb5edd46edb387405ba5b8c0ab,1,Compact approximate range,Adjacent numeral + Adjacent numeral + Measure + Noun,Place two consecutive numerals directly together before one shared measure word.,Expresses an approximate quantity spanning the two nearby values.,approved,
