vocab_id,locale,text,review_status,source_id,notes
hsk26-v00001,en,to love; to like,legacy_unreviewed,legacy-runtime,
hsk26-v00002,en,eight,legacy_unreviewed,legacy-runtime,
hsk26-v00003,en,father; dad; CL: 个 [ge4]; 位 [wei4],legacy_unreviewed,legacy-runtime,
hsk26-v00004,en,...right?; ...OK?,legacy_unreviewed,legacy-runtime,
hsk26-v00005,en,daytime; CL: 个 [ge4],legacy_unreviewed,legacy-runtime,
hsk26-v00006,en,hundred,legacy_unreviewed,legacy-runtime,
hsk26-v00007,en,half,legacy_unreviewed,legacy-runtime,
hsk26-v00008,en,baozi; steamed bun; CL: 个 [ge4],legacy_unreviewed,legacy-runtime,
hsk26-v00009,en,cup; glass; CL: 个 [ge4]; 只 [zhi1],legacy_unreviewed,legacy-runtime,
hsk26-v00010,en,classifier for books; volumes,legacy_unreviewed,legacy-runtime,
hsk26-v00011,en,side; edge; CL: 个 [ge4],legacy_unreviewed,legacy-runtime,
hsk26-v00012,en,illness; disease; CL: 场 [chang2],legacy_unreviewed,legacy-runtime,
hsk26-v00013,en,not; no,legacy_unreviewed,legacy-runtime,
hsk26-v00014,en,you're welcome,legacy_unreviewed,legacy-runtime,
hsk26-v00015,en,don't; must not,legacy_unreviewed,legacy-runtime,
hsk26-v00016,en,vegetable; dish; CL: 棵 [ke1]; 样 [yang4]; 道 [dao4]; 盘 [pan2],legacy_unreviewed,legacy-runtime,
hsk26-v00017,en,tea; CL: 杯 [bei1]; 壶 [hu2],legacy_unreviewed,legacy-runtime,
hsk26-v00018,en,to sing,legacy_unreviewed,legacy-runtime,
hsk26-v00019,en,supermarket; CL: 家 [jia1],legacy_unreviewed,legacy-runtime,
hsk26-v00020,en,car; vehicle; CL: 辆 [liang4],legacy_unreviewed,legacy-runtime,
hsk26-v00021,en,to eat,legacy_unreviewed,legacy-runtime,
hsk26-v00022,en,taxi,legacy_unreviewed,legacy-runtime,
hsk26-v00023,en,to wear,legacy_unreviewed,legacy-runtime,
hsk26-v00024,en,to make a phone call,legacy_unreviewed,legacy-runtime,
hsk26-v00025,en,big; large,legacy_unreviewed,legacy-runtime,
hsk26-v00026,en,everyone,legacy_unreviewed,legacy-runtime,
hsk26-v00027,en,university; college; CL: 所 [suo3],legacy_unreviewed,legacy-runtime,
hsk26-v00028,en,university student,legacy_unreviewed,legacy-runtime,
hsk26-v00029,en,to arrive; to reach,legacy_unreviewed,legacy-runtime,
hsk26-v00030,en,of; 's,legacy_unreviewed,legacy-runtime,
hsk26-v00031,en,ordinal prefix,legacy_unreviewed,legacy-runtime,
hsk26-v00032,en,younger brother; CL: 个 [ge4]; 位 [wei4],legacy_unreviewed,legacy-runtime,
hsk26-v00033,en,o'clock; a little,legacy_unreviewed,legacy-runtime,
hsk26-v00034,en,shop; small store; CL: 家 [jia1],legacy_unreviewed,legacy-runtime,
hsk26-v00035,en,phone; telephone call; CL: 部 [bu4]; 通 [tong1],legacy_unreviewed,legacy-runtime,
hsk26-v00036,en,computer; CL: 台 [tai2],legacy_unreviewed,legacy-runtime,
hsk26-v00037,en,television; TV; CL: 台 [tai2]; 部 [bu4],legacy_unreviewed,legacy-runtime,
hsk26-v00038,en,movie; film; CL: 部 [bu4]; 片 [pian4]; 场 [chang3],legacy_unreviewed,legacy-runtime,
hsk26-v00039,en,cinema; movie theater; CL: 家 [jia1]; 座 [zuo4],legacy_unreviewed,legacy-runtime,
hsk26-v00040,en,thing; stuff; CL: 个 [ge4]; 件 [jian4],legacy_unreviewed,legacy-runtime,
hsk26-v00041,en,all; both,legacy_unreviewed,legacy-runtime,
hsk26-v00042,en,to read,legacy_unreviewed,legacy-runtime,
hsk26-v00043,en,to read; to study,legacy_unreviewed,legacy-runtime,
hsk26-v00044,en,correct; right; toward,legacy_unreviewed,legacy-runtime,
hsk26-v00045,en,sorry; excuse me,legacy_unreviewed,legacy-runtime,
hsk26-v00046,en,many; much,legacy_unreviewed,legacy-runtime,
hsk26-v00047,en,how many; how much,legacy_unreviewed,legacy-runtime,
hsk26-v00048,en,son,legacy_unreviewed,legacy-runtime,
hsk26-v00049,en,two (number 2),legacy_unreviewed,legacy-runtime,
hsk26-v00050,en,meal; cooked rice; CL: 碗 [wan3]; 顿 [dun4],legacy_unreviewed,legacy-runtime,
hsk26-v00051,en,restaurant; hotel; CL: 家 [jia1]; 个 [ge4],legacy_unreviewed,legacy-runtime,
hsk26-v00052,en,room; CL: 间 [jian1]; 个 [ge4],legacy_unreviewed,legacy-runtime,
hsk26-v00053,en,extremely; very,legacy_unreviewed,legacy-runtime,
hsk26-v00054,en,airplane; CL: 架 [jia4],legacy_unreviewed,legacy-runtime,
hsk26-v00055,en,minute; point; cent,legacy_unreviewed,legacy-runtime,
hsk26-v00056,en,minute,legacy_unreviewed,legacy-runtime,
hsk26-v00057,en,happy; glad,legacy_unreviewed,legacy-runtime,
hsk26-v00058,en,song; CL: 首 [shou3]; 支 [zhi1],legacy_unreviewed,legacy-runtime,
hsk26-v00059,en,older brother; CL: 个 [ge4]; 位 [wei4],legacy_unreviewed,legacy-runtime,
hsk26-v00060,en,general classifier,legacy_unreviewed,legacy-runtime,
hsk26-v00061,en,to give; for,legacy_unreviewed,legacy-runtime,
hsk26-v00062,en,company; CL: 家 [jia1],legacy_unreviewed,legacy-runtime,
hsk26-v00063,en,to work; work; job; CL: 个 [ge4]; 份 [fen4]; 项 [xiang4],legacy_unreviewed,legacy-runtime,
hsk26-v00064,en,dog; CL: 只 [zhi1]; 条 [tiao2],legacy_unreviewed,legacy-runtime,
hsk26-v00065,en,expensive,legacy_unreviewed,legacy-runtime,
hsk26-v00066,en,country,legacy_unreviewed,legacy-runtime,
hsk26-v00067,en,still; also,legacy_unreviewed,legacy-runtime,
hsk26-v00068,en,child,legacy_unreviewed,legacy-runtime,
hsk26-v00069,en,Chinese language; Mandarin,legacy_unreviewed,legacy-runtime,
hsk26-v00070,en,Chinese character,legacy_unreviewed,legacy-runtime,
hsk26-v00071,en,good,legacy_unreviewed,legacy-runtime,
hsk26-v00072,en,delicious,legacy_unreviewed,legacy-runtime,
hsk26-v00073,en,good-looking; nice,legacy_unreviewed,legacy-runtime,
hsk26-v00074,en,pleasant to hear,legacy_unreviewed,legacy-runtime,
hsk26-v00075,en,fun; interesting,legacy_unreviewed,legacy-runtime,
hsk26-v00076,en,number; day of the month,legacy_unreviewed,legacy-runtime,
hsk26-v00077,en,to drink,legacy_unreviewed,legacy-runtime,
hsk26-v00078,en,and; with,legacy_unreviewed,legacy-runtime,
hsk26-v00079,en,very; quite,legacy_unreviewed,legacy-runtime,
hsk26-v00080,en,back; behind; after,legacy_unreviewed,legacy-runtime,
hsk26-v00081,en,to return; to go back,legacy_unreviewed,legacy-runtime,
hsk26-v00082,en,can; know how to,legacy_unreviewed,legacy-runtime,
hsk26-v00083,en,train; CL: 列 [lie4]; 节 [jie2]; 班 [ban1]; 趟 [tang4],legacy_unreviewed,legacy-runtime,
hsk26-v00084,en,egg; CL: 个 [ge4]; 打 [da2],legacy_unreviewed,legacy-runtime,
hsk26-v00085,en,how many (small number),legacy_unreviewed,legacy-runtime,
hsk26-v00086,en,home; family; CL: 个 [ge4],legacy_unreviewed,legacy-runtime,
hsk26-v00087,en,family member,legacy_unreviewed,legacy-runtime,
hsk26-v00088,en,to see; to meet,legacy_unreviewed,legacy-runtime,
hsk26-v00089,en,item; classifier for items,legacy_unreviewed,legacy-runtime,
hsk26-v00090,en,dumpling; CL: 个 [ge4]; 只 [zhi1],legacy_unreviewed,legacy-runtime,
hsk26-v00091,en,to call; to be called,legacy_unreviewed,legacy-runtime,
hsk26-v00092,en,older sister; CL: 个 [ge4],legacy_unreviewed,legacy-runtime,
hsk26-v00093,en,this year,legacy_unreviewed,legacy-runtime,
hsk26-v00094,en,today,legacy_unreviewed,legacy-runtime,
hsk26-v00095,en,nine,legacy_unreviewed,legacy-runtime,
hsk26-v00096,en,to think; to feel,legacy_unreviewed,legacy-runtime,
hsk26-v00097,en,to open; to start,legacy_unreviewed,legacy-runtime,
hsk26-v00098,en,to drive,legacy_unreviewed,legacy-runtime,
hsk26-v00099,en,to look; to see,legacy_unreviewed,legacy-runtime,
hsk26-v00100,en,to see a doctor,legacy_unreviewed,legacy-runtime,
hsk26-v00101,en,to see,legacy_unreviewed,legacy-runtime,
hsk26-v00102,en,can; may,legacy_unreviewed,legacy-runtime,
hsk26-v00103,en,class; course; CL: 门 [men2]; 堂 [tang2]; 节 [jie2],legacy_unreviewed,legacy-runtime,
hsk26-v00104,en,mouth; classifier for people or animals,legacy_unreviewed,legacy-runtime,
hsk26-v00105,en,piece; chunk; yuan,legacy_unreviewed,legacy-runtime,
hsk26-v00106,en,to come,legacy_unreviewed,legacy-runtime,
hsk26-v00107,en,teacher; CL: 个 [ge4]; 位 [wei4],legacy_unreviewed,legacy-runtime,
hsk26-v00108,en,completed-action marker,legacy_unreviewed,legacy-runtime,
hsk26-v00109,en,cold,legacy_unreviewed,legacy-runtime,
hsk26-v00110,en,inside; in,legacy_unreviewed,legacy-runtime,
hsk26-v00111,en,two (before measure words),legacy_unreviewed,legacy-runtime,
hsk26-v00112,en,zero,legacy_unreviewed,legacy-runtime,
hsk26-v00113,en,six,legacy_unreviewed,legacy-runtime,
hsk26-v00114,en,mother; mom; CL: 个 [ge4]; 位 [wei4],legacy_unreviewed,legacy-runtime,
hsk26-v00115,en,question particle,legacy_unreviewed,legacy-runtime,
hsk26-v00116,en,to buy,legacy_unreviewed,legacy-runtime,
hsk26-v00117,en,to sell,legacy_unreviewed,legacy-runtime,
hsk26-v00118,en,busy,legacy_unreviewed,legacy-runtime,
hsk26-v00119,en,cat; CL: 只 [zhi1],legacy_unreviewed,legacy-runtime,
hsk26-v00120,en,it's okay; no problem,legacy_unreviewed,legacy-runtime,
hsk26-v00121,en,it's okay; nothing's wrong,legacy_unreviewed,legacy-runtime,
hsk26-v00122,en,not have; there is not,legacy_unreviewed,legacy-runtime,
hsk26-v00123,en,younger sister; CL: 个 [ge4],legacy_unreviewed,legacy-runtime,
hsk26-v00124,en,plural marker,legacy_unreviewed,legacy-runtime,
hsk26-v00125,en,cooked rice,legacy_unreviewed,legacy-runtime,
hsk26-v00126,en,bread; CL: 片 [pian4]; 块 [kuai4],legacy_unreviewed,legacy-runtime,
hsk26-v00127,en,noodles,legacy_unreviewed,legacy-runtime,
hsk26-v00128,en,next year,legacy_unreviewed,legacy-runtime,
hsk26-v00129,en,tomorrow,legacy_unreviewed,legacy-runtime,
hsk26-v00130,en,name; CL: 个 [ge4],legacy_unreviewed,legacy-runtime,
hsk26-v00131,en,which,legacy_unreviewed,legacy-runtime,
hsk26-v00132,en,which one,legacy_unreviewed,legacy-runtime,
hsk26-v00133,en,where (formal),legacy_unreviewed,legacy-runtime,
hsk26-v00134,en,where (colloquial),legacy_unreviewed,legacy-runtime,
hsk26-v00135,en,which ones,legacy_unreviewed,legacy-runtime,
hsk26-v00136,en,that,legacy_unreviewed,legacy-runtime,
hsk26-v00137,en,there; that side,legacy_unreviewed,legacy-runtime,
hsk26-v00138,en,that; that one,legacy_unreviewed,legacy-runtime,
hsk26-v00139,en,there (formal),legacy_unreviewed,legacy-runtime,
hsk26-v00140,en,there (colloquial),legacy_unreviewed,legacy-runtime,
hsk26-v00141,en,those,legacy_unreviewed,legacy-runtime,
hsk26-v00142,en,male,legacy_unreviewed,legacy-runtime,
hsk26-v00143,en,boyfriend,legacy_unreviewed,legacy-runtime,
hsk26-v00144,en,question particle; what about...?,legacy_unreviewed,legacy-runtime,
hsk26-v00145,en,can; be able to,legacy_unreviewed,legacy-runtime,
hsk26-v00146,en,you (singular),legacy_unreviewed,legacy-runtime,
hsk26-v00147,en,hello; hi,legacy_unreviewed,legacy-runtime,
hsk26-v00148,en,you (plural),legacy_unreviewed,legacy-runtime,
hsk26-v00149,en,year; CL: 个 [ge4],legacy_unreviewed,legacy-runtime,
hsk26-v00150,en,you (polite),legacy_unreviewed,legacy-runtime,
hsk26-v00151,en,milk; CL: 瓶 [ping2]; 杯 [bei1],legacy_unreviewed,legacy-runtime,
hsk26-v00152,en,female; woman,legacy_unreviewed,legacy-runtime,
hsk26-v00153,en,daughter,legacy_unreviewed,legacy-runtime,
hsk26-v00154,en,girlfriend,legacy_unreviewed,legacy-runtime,
hsk26-v00155,en,lady; madam; CL: 个 [ge4]; 位 [wei4],legacy_unreviewed,legacy-runtime,
hsk26-v00156,en,friend; CL: 个 [ge4]; 位 [wei4],legacy_unreviewed,legacy-runtime,
hsk26-v00157,en,cheap,legacy_unreviewed,legacy-runtime,
hsk26-v00158,en,pretty; beautiful,legacy_unreviewed,legacy-runtime,
hsk26-v00159,en,apple; CL: 个 [ge4]; 颗 [ke1],legacy_unreviewed,legacy-runtime,
hsk26-v00160,en,seven,legacy_unreviewed,legacy-runtime,
hsk26-v00161,en,to get up,legacy_unreviewed,legacy-runtime,
hsk26-v00162,en,thousand,legacy_unreviewed,legacy-runtime,
hsk26-v00163,en,front; before,legacy_unreviewed,legacy-runtime,
hsk26-v00164,en,money; CL: 笔 [bi3],legacy_unreviewed,legacy-runtime,
hsk26-v00165,en,to ask; please,legacy_unreviewed,legacy-runtime,
hsk26-v00166,en,excuse me; may I ask...?,legacy_unreviewed,legacy-runtime,
hsk26-v00167,en,to go,legacy_unreviewed,legacy-runtime,
hsk26-v00168,en,last year,legacy_unreviewed,legacy-runtime,
hsk26-v00169,en,hot; warm,legacy_unreviewed,legacy-runtime,
hsk26-v00170,en,person; people; CL: 个 [ge4]; 位 [wei4],legacy_unreviewed,legacy-runtime,
hsk26-v00171,en,to know; to recognize,legacy_unreviewed,legacy-runtime,
hsk26-v00172,en,day; date,legacy_unreviewed,legacy-runtime,
hsk26-v00173,en,three,legacy_unreviewed,legacy-runtime,
hsk26-v00174,en,store; retail shop; CL: 家 [jia1]; 个 [ge4],legacy_unreviewed,legacy-runtime,
hsk26-v00175,en,up; on; above,legacy_unreviewed,legacy-runtime,
hsk26-v00176,en,to go to work,legacy_unreviewed,legacy-runtime,
hsk26-v00177,en,to go to class,legacy_unreviewed,legacy-runtime,
hsk26-v00178,en,morning; before noon,legacy_unreviewed,legacy-runtime,
hsk26-v00179,en,to go to school,legacy_unreviewed,legacy-runtime,
hsk26-v00180,en,few; little,legacy_unreviewed,legacy-runtime,
hsk26-v00181,en,who,legacy_unreviewed,legacy-runtime,
hsk26-v00182,en,what,legacy_unreviewed,legacy-runtime,
hsk26-v00183,en,to get sick,legacy_unreviewed,legacy-runtime,
hsk26-v00184,en,ten,legacy_unreviewed,legacy-runtime,
hsk26-v00185,en,time; moment,legacy_unreviewed,legacy-runtime,
hsk26-v00186,en,time; duration,legacy_unreviewed,legacy-runtime,
hsk26-v00187,en,matter; thing; CL: 件 [jian4]; 桩 [zhuang1]; 回 [hui2],legacy_unreviewed,legacy-runtime,
hsk26-v00188,en,to be,legacy_unreviewed,legacy-runtime,
hsk26-v00189,en,mobile phone; CL: 部 [bu4]; 台 [tai2],legacy_unreviewed,legacy-runtime,
hsk26-v00190,en,book; CL: 本 [ben3]; 册 [ce4]; 部 [bu4],legacy_unreviewed,legacy-runtime,
hsk26-v00191,en,bookstore; CL: 家 [jia1],legacy_unreviewed,legacy-runtime,
hsk26-v00192,en,water,legacy_unreviewed,legacy-runtime,
hsk26-v00193,en,fruit; CL: 个 [ge4],legacy_unreviewed,legacy-runtime,
hsk26-v00194,en,to sleep,legacy_unreviewed,legacy-runtime,
hsk26-v00195,en,to sleep; go to bed,legacy_unreviewed,legacy-runtime,
hsk26-v00196,en,to say; to speak,legacy_unreviewed,legacy-runtime,
hsk26-v00197,en,to speak,legacy_unreviewed,legacy-runtime,
hsk26-v00198,en,four,legacy_unreviewed,legacy-runtime,
hsk26-v00199,en,years old,legacy_unreviewed,legacy-runtime,
hsk26-v00200,en,he; him,legacy_unreviewed,legacy-runtime,
hsk26-v00201,en,it,legacy_unreviewed,legacy-runtime,
hsk26-v00202,en,she; her,legacy_unreviewed,legacy-runtime,
hsk26-v00203,en,they; them (male/mixed people),legacy_unreviewed,legacy-runtime,
hsk26-v00204,en,they; them (things/animals),legacy_unreviewed,legacy-runtime,
hsk26-v00205,en,they; them (female people),legacy_unreviewed,legacy-runtime,
hsk26-v00206,en,too; very,legacy_unreviewed,legacy-runtime,
hsk26-v00207,en,day; sky,legacy_unreviewed,legacy-runtime,
hsk26-v00208,en,weather,legacy_unreviewed,legacy-runtime,
hsk26-v00209,en,to listen; to hear,legacy_unreviewed,legacy-runtime,
hsk26-v00210,en,to hear,legacy_unreviewed,legacy-runtime,
hsk26-v00211,en,classmate; CL: 位 [wei4]; 个 [ge4],legacy_unreviewed,legacy-runtime,
hsk26-v00212,en,outside; outer,legacy_unreviewed,legacy-runtime,
hsk26-v00213,en,outside,legacy_unreviewed,legacy-runtime,
hsk26-v00214,en,to play; to have fun,legacy_unreviewed,legacy-runtime,
hsk26-v00215,en,late,legacy_unreviewed,legacy-runtime,
hsk26-v00216,en,dinner; CL: 份 [fen4]; 顿 [dun4]; 次 [ci4]; 餐 [can1],legacy_unreviewed,legacy-runtime,
hsk26-v00217,en,evening; night; CL: 个 [ge4],legacy_unreviewed,legacy-runtime,
hsk26-v00218,en,hello?; hey!,legacy_unreviewed,legacy-runtime,
hsk26-v00219,en,to ask,legacy_unreviewed,legacy-runtime,
hsk26-v00220,en,question; problem; CL: 个 [ge4],legacy_unreviewed,legacy-runtime,
hsk26-v00221,en,I; me,legacy_unreviewed,legacy-runtime,
hsk26-v00222,en,we; us,legacy_unreviewed,legacy-runtime,
hsk26-v00223,en,five,legacy_unreviewed,legacy-runtime,
hsk26-v00224,en,lunch; CL: 份 [fen4]; 顿 [dun4]; 次 [ci4]; 餐 [can1],legacy_unreviewed,legacy-runtime,
hsk26-v00225,en,to like,legacy_unreviewed,legacy-runtime,
hsk26-v00226,en,down; below,legacy_unreviewed,legacy-runtime,
hsk26-v00227,en,to rain,legacy_unreviewed,legacy-runtime,
hsk26-v00228,en,to finish work,legacy_unreviewed,legacy-runtime,
hsk26-v00229,en,to finish class,legacy_unreviewed,legacy-runtime,
hsk26-v00230,en,afternoon; CL: 个 [ge4],legacy_unreviewed,legacy-runtime,
hsk26-v00231,en,Mr.; sir; CL: 位 [wei4],legacy_unreviewed,legacy-runtime,
hsk26-v00232,en,now,legacy_unreviewed,legacy-runtime,
hsk26-v00233,en,to think; to want,legacy_unreviewed,legacy-runtime,
hsk26-v00234,en,small,legacy_unreviewed,legacy-runtime,
hsk26-v00235,en,child; little kid; CL: 个 [ge4],legacy_unreviewed,legacy-runtime,
hsk26-v00236,en,hour; CL: 个 [ge4],legacy_unreviewed,legacy-runtime,
hsk26-v00237,en,primary school,legacy_unreviewed,legacy-runtime,
hsk26-v00238,en,primary school student; CL: 个 [ge4]; 名 [ming2],legacy_unreviewed,legacy-runtime,
hsk26-v00239,en,some; several,legacy_unreviewed,legacy-runtime,
hsk26-v00240,en,to write,legacy_unreviewed,legacy-runtime,
hsk26-v00241,en,thanks; to thank,legacy_unreviewed,legacy-runtime,
hsk26-v00242,en,new,legacy_unreviewed,legacy-runtime,
hsk26-v00243,en,week; day of the week; CL: 个 [ge4],legacy_unreviewed,legacy-runtime,
hsk26-v00244,en,Sunday (formal),legacy_unreviewed,legacy-runtime,
hsk26-v00245,en,Sunday (colloquial),legacy_unreviewed,legacy-runtime,
hsk26-v00246,en,to rest,legacy_unreviewed,legacy-runtime,
hsk26-v00247,en,to learn; to study,legacy_unreviewed,legacy-runtime,
hsk26-v00248,en,student,legacy_unreviewed,legacy-runtime,
hsk26-v00249,en,to study; learning,legacy_unreviewed,legacy-runtime,
hsk26-v00250,en,school; CL: 所 [suo3],legacy_unreviewed,legacy-runtime,
hsk26-v00251,en,snow; CL: 场 [chang2],legacy_unreviewed,legacy-runtime,
hsk26-v00252,en,to want; to need; will,legacy_unreviewed,legacy-runtime,
hsk26-v00253,en,also; too,legacy_unreviewed,legacy-runtime,
hsk26-v00254,en,one,legacy_unreviewed,legacy-runtime,
hsk26-v00255,en,clothes; CL: 件 [jian4]; 套 [tao4],legacy_unreviewed,legacy-runtime,
hsk26-v00256,en,doctor; CL: 个 [ge4]; 位 [wei4]; 名 [ming2],legacy_unreviewed,legacy-runtime,
hsk26-v00257,en,hospital; CL: 所 [suo3]; 家 [jia1]; 座 [zuo4],legacy_unreviewed,legacy-runtime,
hsk26-v00258,en,one half,legacy_unreviewed,legacy-runtime,
hsk26-v00259,en,a little; once,legacy_unreviewed,legacy-runtime,
hsk26-v00260,en,chair; CL: 把 [ba3]; 张 [zhang1],legacy_unreviewed,legacy-runtime,
hsk26-v00261,en,a little; a bit,legacy_unreviewed,legacy-runtime,
hsk26-v00262,en,some; a few,legacy_unreviewed,legacy-runtime,
hsk26-v00263,en,to have; there is,legacy_unreviewed,legacy-runtime,
hsk26-v00264,en,some,legacy_unreviewed,legacy-runtime,
hsk26-v00265,en,a little; somewhat,legacy_unreviewed,legacy-runtime,
hsk26-v00266,en,some; somewhat,legacy_unreviewed,legacy-runtime,
hsk26-v00267,en,rain; CL: 阵 [zhen4]; 场 [chang2],legacy_unreviewed,legacy-runtime,
hsk26-v00268,en,yuan,legacy_unreviewed,legacy-runtime,
hsk26-v00269,en,month; moon; CL: 个 [ge4]; 轮 [lun2],legacy_unreviewed,legacy-runtime,
hsk26-v00270,en,again,legacy_unreviewed,legacy-runtime,
hsk26-v00271,en,at; in; to be at,legacy_unreviewed,legacy-runtime,
hsk26-v00272,en,goodbye,legacy_unreviewed,legacy-runtime,
hsk26-v00273,en,early; morning,legacy_unreviewed,legacy-runtime,
hsk26-v00274,en,breakfast; CL: 份 [fen4]; 顿 [dun4]; 次 [ci4]; 餐 [can1],legacy_unreviewed,legacy-runtime,
hsk26-v00275,en,early morning,legacy_unreviewed,legacy-runtime,
hsk26-v00276,en,how?,legacy_unreviewed,legacy-runtime,
hsk26-v00277,en,how?; how about?,legacy_unreviewed,legacy-runtime,
hsk26-v00278,en,to look for; to find,legacy_unreviewed,legacy-runtime,
hsk26-v00279,en,this; these,legacy_unreviewed,legacy-runtime,
hsk26-v00280,en,here; this side,legacy_unreviewed,legacy-runtime,
hsk26-v00281,en,this; this one,legacy_unreviewed,legacy-runtime,
hsk26-v00282,en,here (formal),legacy_unreviewed,legacy-runtime,
hsk26-v00283,en,here (colloquial),legacy_unreviewed,legacy-runtime,
hsk26-v00284,en,these,legacy_unreviewed,legacy-runtime,
hsk26-v00285,en,really; truly,legacy_unreviewed,legacy-runtime,
hsk26-v00286,en,in the middle of; currently,legacy_unreviewed,legacy-runtime,
hsk26-v00287,en,classifier for animals; one of a pair,legacy_unreviewed,legacy-runtime,
hsk26-v00288,en,to know,legacy_unreviewed,legacy-runtime,
hsk26-v00289,en,China,legacy_unreviewed,legacy-runtime,
hsk26-v00290,en,Chinese writing; Chinese language,legacy_unreviewed,legacy-runtime,
hsk26-v00291,en,noon; midday; CL: 个 [ge4],legacy_unreviewed,legacy-runtime,
hsk26-v00292,en,middle school,legacy_unreviewed,legacy-runtime,
hsk26-v00293,en,middle-school student,legacy_unreviewed,legacy-runtime,
hsk26-v00294,en,to live; to reside,legacy_unreviewed,legacy-runtime,
hsk26-v00295,en,table; desk; CL: 张 [zhang1]; 套 [tao4],legacy_unreviewed,legacy-runtime,
hsk26-v00296,en,character; word; CL: 个 [ge4],legacy_unreviewed,legacy-runtime,
hsk26-v00297,en,yesterday,legacy_unreviewed,legacy-runtime,
hsk26-v00298,en,to sit,legacy_unreviewed,legacy-runtime,
hsk26-v00299,en,to do; to make,legacy_unreviewed,legacy-runtime,
hsk26-v00300,en,to cook; to prepare a meal,legacy_unreviewed,legacy-runtime,
hsk26-v00301,en,sentence-final modal particle,legacy_unreviewed,legacy-runtime,
hsk26-v00302,en,hobby; interest; to like; CL: 个 [ge4],legacy_unreviewed,legacy-runtime,
hsk26-v00303,en,white color,legacy_unreviewed,legacy-runtime,
hsk26-v00304,en,class; group; shift; CL: 个 [ge4],legacy_unreviewed,legacy-runtime,
hsk26-v00305,en,to help; to assist,legacy_unreviewed,legacy-runtime,
hsk26-v00306,en,to help; to lend a hand,legacy_unreviewed,legacy-runtime,
hsk26-v00307,en,bag; package; to wrap; CL: 个 [ge4]; 只 [zhi1],legacy_unreviewed,legacy-runtime,
hsk26-v00308,en,book; notebook; CL: 本 [ben3],legacy_unreviewed,legacy-runtime,
hsk26-v00309,en,than; to compare,legacy_unreviewed,legacy-runtime,
hsk26-v00310,en,pen; writing brush; CL: 支 [zhi1]; 枝 [zhi1],legacy_unreviewed,legacy-runtime,
hsk26-v00311,en,don't; do not,legacy_unreviewed,legacy-runtime,
hsk26-v00312,en,not bad; pretty good,legacy_unreviewed,legacy-runtime,
hsk26-v00313,en,embarrassed; sorry,legacy_unreviewed,legacy-runtime,
hsk26-v00314,en,long; length,legacy_unreviewed,legacy-runtime,
hsk26-v00315,en,rail station; bus stop; CL: 处 [chu4]; 个 [ge4],legacy_unreviewed,legacy-runtime,
hsk26-v00316,en,to go out; to come out,legacy_unreviewed,legacy-runtime,
hsk26-v00317,en,to go abroad; to leave the country,legacy_unreviewed,legacy-runtime,
hsk26-v00318,en,to come out; to appear,legacy_unreviewed,legacy-runtime,
hsk26-v00319,en,to go out; to leave home,legacy_unreviewed,legacy-runtime,
hsk26-v00320,en,to go out,legacy_unreviewed,legacy-runtime,
hsk26-v00321,en,bed; CL: 张 [zhang1],legacy_unreviewed,legacy-runtime,
hsk26-v00322,en,word; term; CL: 首 [shou3],legacy_unreviewed,legacy-runtime,
hsk26-v00323,en,time; occurrence,legacy_unreviewed,legacy-runtime,
hsk26-v00324,en,from,legacy_unreviewed,legacy-runtime,
hsk26-v00325,en,from childhood; from a young age,legacy_unreviewed,legacy-runtime,
hsk26-v00326,en,wrong; mistake,legacy_unreviewed,legacy-runtime,
hsk26-v00327,en,to hit; to play; to make,legacy_unreviewed,legacy-runtime,
hsk26-v00328,en,to take a taxi; to hitch a lift,legacy_unreviewed,legacy-runtime,
hsk26-v00329,en,to open; to turn on,legacy_unreviewed,legacy-runtime,
hsk26-v00330,en,but; yet; merely; only,legacy_unreviewed,legacy-runtime,
hsk26-v00331,en,but; however,legacy_unreviewed,legacy-runtime,
hsk26-v00332,en,structural particle after a verb,legacy_unreviewed,legacy-runtime,
hsk26-v00333,en,-ly particle before verb/adjective,legacy_unreviewed,legacy-runtime,
hsk26-v00334,en,to wait; to wait for,legacy_unreviewed,legacy-runtime,
hsk26-v00335,en,underground railway; subway,legacy_unreviewed,legacy-runtime,
hsk26-v00336,en,to order; to choose; to point,legacy_unreviewed,legacy-runtime,
hsk26-v00337,en,to understand; to comprehend,legacy_unreviewed,legacy-runtime,
hsk26-v00338,en,to move; to set in movement,legacy_unreviewed,legacy-runtime,
hsk26-v00339,en,restaurant; CL: 家 [jia1],legacy_unreviewed,legacy-runtime,
hsk26-v00340,en,to fly,legacy_unreviewed,legacy-runtime,
hsk26-v00341,en,high; tall,legacy_unreviewed,legacy-runtime,
hsk26-v00342,en,senior high school,legacy_unreviewed,legacy-runtime,
hsk26-v00343,en,to tell; to inform,legacy_unreviewed,legacy-runtime,
hsk26-v00344,en,height; stature,legacy_unreviewed,legacy-runtime,
hsk26-v00345,en,with; and; to follow,legacy_unreviewed,legacy-runtime,
hsk26-v00346,en,public transport vehicle; CL: 辆 [liang4],legacy_unreviewed,legacy-runtime,
hsk26-v00347,en,to cross; to go over,legacy_unreviewed,legacy-runtime,
hsk26-v00348,en,to come over; to come here,legacy_unreviewed,legacy-runtime,
hsk26-v00349,en,to celebrate the Chinese New Year,legacy_unreviewed,legacy-runtime,
hsk26-v00350,en,to go over; to pass by,legacy_unreviewed,legacy-runtime,
hsk26-v00351,en,experienced action marker,legacy_unreviewed,legacy-runtime,
hsk26-v00352,en,still; or,legacy_unreviewed,legacy-runtime,
hsk26-v00353,en,black,legacy_unreviewed,legacy-runtime,
hsk26-v00354,en,black tea; CL: 杯 [bei1]; 壶 [hu2],legacy_unreviewed,legacy-runtime,
hsk26-v00355,en,red color,legacy_unreviewed,legacy-runtime,
hsk26-v00356,en,the back; the rear,legacy_unreviewed,legacy-runtime,
hsk26-v00357,en,to spend,legacy_unreviewed,legacy-runtime,
hsk26-v00358,en,flower; blossom; CL: 朵 [duo3]; 支 [zhi1]; 束 [shu4]; 把 [ba3]; 盆 [pen2]; 簇 [cu4],legacy_unreviewed,legacy-runtime,
hsk26-v00359,en,to draw; to paint; picture; painting; CL: 幅 [fu2]; 张 [zhang1],legacy_unreviewed,legacy-runtime,
hsk26-v00360,en,bad; spoiled,legacy_unreviewed,legacy-runtime,
hsk26-v00361,en,to return; to come back,legacy_unreviewed,legacy-runtime,
hsk26-v00362,en,to go back; to return there,legacy_unreviewed,legacy-runtime,
hsk26-v00363,en,airport; airfield; CL: 家 [jia1]; 处 [chu4],legacy_unreviewed,legacy-runtime,
hsk26-v00364,en,plane ticket; airline ticket; CL: 张 [zhang1],legacy_unreviewed,legacy-runtime,
hsk26-v00365,en,to remember,legacy_unreviewed,legacy-runtime,
hsk26-v00366,en,room; classifier for rooms,legacy_unreviewed,legacy-runtime,
hsk26-v00367,en,to teach; to instruct,legacy_unreviewed,legacy-runtime,
hsk26-v00368,en,classroom; CL: 间 [jian1],legacy_unreviewed,legacy-runtime,
hsk26-v00369,en,to introduce; to give a presentation,legacy_unreviewed,legacy-runtime,
hsk26-v00370,en,to go forward; to advance,legacy_unreviewed,legacy-runtime,
hsk26-v00371,en,near; close to,legacy_unreviewed,legacy-runtime,
hsk26-v00372,en,to come in,legacy_unreviewed,legacy-runtime,
hsk26-v00373,en,to go in,legacy_unreviewed,legacy-runtime,
hsk26-v00374,en,frequently; constantly,legacy_unreviewed,legacy-runtime,
hsk26-v00375,en,hotel,legacy_unreviewed,legacy-runtime,
hsk26-v00376,en,in that case; then,legacy_unreviewed,legacy-runtime,
hsk26-v00377,en,coffee; CL: 杯 [bei1],legacy_unreviewed,legacy-runtime,
hsk26-v00378,en,to begin; beginning; CL: 个 [ge4],legacy_unreviewed,legacy-runtime,
hsk26-v00379,en,school starts; semester begins,legacy_unreviewed,legacy-runtime,
hsk26-v00380,en,to test; to examine,legacy_unreviewed,legacy-runtime,
hsk26-v00381,en,to take an exam; exam; CL: 次 [ci4],legacy_unreviewed,legacy-runtime,
hsk26-v00382,en,might; possible; CL: 个 [ge4],legacy_unreviewed,legacy-runtime,
hsk26-v00383,en,trousers; pants; CL: 条 [tiao2],legacy_unreviewed,legacy-runtime,
hsk26-v00384,en,rapid; quick,legacy_unreviewed,legacy-runtime,
hsk26-v00385,en,happy; joyful,legacy_unreviewed,legacy-runtime,
hsk26-v00386,en,nearly at the point of; about to,legacy_unreviewed,legacy-runtime,
hsk26-v00387,en,basketball; CL: 个 [ge4]; 只 [zhi1],legacy_unreviewed,legacy-runtime,
hsk26-v00388,en,tired; weary,legacy_unreviewed,legacy-runtime,
hsk26-v00389,en,to leave; to part from,legacy_unreviewed,legacy-runtime,
hsk26-v00390,en,inside; interior,legacy_unreviewed,legacy-runtime,
hsk26-v00391,en,house with more than 1 story; CL: 层 [ceng2]; 座 [zuo4]; 栋 [dong4],legacy_unreviewed,legacy-runtime,
hsk26-v00392,en,road; journey; CL: 条 [tiao2],legacy_unreviewed,legacy-runtime,
hsk26-v00393,en,on the road; on the way; en route,legacy_unreviewed,legacy-runtime,
hsk26-v00394,en,to travel; tourism,legacy_unreviewed,legacy-runtime,
hsk26-v00395,en,green tea,legacy_unreviewed,legacy-runtime,
hsk26-v00396,en,green,legacy_unreviewed,legacy-runtime,
hsk26-v00397,en,slow,legacy_unreviewed,legacy-runtime,
hsk26-v00398,en,boring; of no interest,legacy_unreviewed,legacy-runtime,
hsk26-v00399,en,each; every,legacy_unreviewed,legacy-runtime,
hsk26-v00400,en,gate; door; CL: 扇 [shan4]; 个 [ge4],legacy_unreviewed,legacy-runtime,
hsk26-v00401,en,doorway; gate; CL: 个 [ge4],legacy_unreviewed,legacy-runtime,
hsk26-v00402,en,admission ticket,legacy_unreviewed,legacy-runtime,
hsk26-v00403,en,side; aspect; surface suffix,legacy_unreviewed,legacy-runtime,
hsk26-v00404,en,name; classifier for people,legacy_unreviewed,legacy-runtime,
hsk26-v00405,en,to hold; to seize,legacy_unreviewed,legacy-runtime,
hsk26-v00406,en,like that; in that way,legacy_unreviewed,legacy-runtime,
hsk26-v00407,en,that kind; that sort,legacy_unreviewed,legacy-runtime,
hsk26-v00408,en,milk tea,legacy_unreviewed,legacy-runtime,
hsk26-v00409,en,grandmother; paternal grandma; CL: 位 [wei4],legacy_unreviewed,legacy-runtime,
hsk26-v00410,en,boy,legacy_unreviewed,legacy-runtime,
hsk26-v00411,en,"bird; ""bird"" radical in Chinese characters; CL: 只 [zhi1]; 群 [qun2]",legacy_unreviewed,legacy-runtime,
hsk26-v00412,en,girl,legacy_unreviewed,legacy-runtime,
hsk26-v00413,en,beside; next to,legacy_unreviewed,legacy-runtime,
hsk26-v00414,en,to run; to run away,legacy_unreviewed,legacy-runtime,
hsk26-v00415,en,to run; to jog,legacy_unreviewed,legacy-runtime,
hsk26-v00416,en,ticket; ballot; CL: 张 [zhang1],legacy_unreviewed,legacy-runtime,
hsk26-v00417,en,wife,legacy_unreviewed,legacy-runtime,
hsk26-v00418,en,to stand up; to get up,legacy_unreviewed,legacy-runtime,
hsk26-v00419,en,ahead; in front,legacy_unreviewed,legacy-runtime,
hsk26-v00420,en,clear; fine,legacy_unreviewed,legacy-runtime,
hsk26-v00421,en,ball used for playing games; CL: 个 [ge4]; 场 [chang3],legacy_unreviewed,legacy-runtime,
hsk26-v00422,en,to let; to allow,legacy_unreviewed,legacy-runtime,
hsk26-v00423,en,meat; flesh,legacy_unreviewed,legacy-runtime,
hsk26-v00424,en,shopping mall; shopping center; CL: 家 [jia1],legacy_unreviewed,legacy-runtime,
hsk26-v00425,en,to come up; to approach,legacy_unreviewed,legacy-runtime,
hsk26-v00426,en,on top of; above-mentioned,legacy_unreviewed,legacy-runtime,
hsk26-v00427,en,to go up,legacy_unreviewed,legacy-runtime,
hsk26-v00428,en,to go online; to connect to the Internet,legacy_unreviewed,legacy-runtime,
hsk26-v00429,en,the body; one's health,legacy_unreviewed,legacy-runtime,
hsk26-v00430,en,birthday; CL: 个 [ge4],legacy_unreviewed,legacy-runtime,
hsk26-v00431,en,time; o'clock,legacy_unreviewed,legacy-runtime,
hsk26-v00432,en,affair; matter; CL: 件 [jian4]; 桩 [zhuang1],legacy_unreviewed,legacy-runtime,
hsk26-v00433,en,hand; CL: 双 [shuang1]; 只 [zhi1],legacy_unreviewed,legacy-runtime,
hsk26-v00434,en,wristwatch; CL: 块 [kuai4]; 只 [zhi1]; 个 [ge4],legacy_unreviewed,legacy-runtime,
hsk26-v00435,en,schoolbag; satchel; CL: 个 [ge4]; 只 [zhi1],legacy_unreviewed,legacy-runtime,
hsk26-v00436,en,comfortable; feeling well,legacy_unreviewed,legacy-runtime,
hsk26-v00437,en,to send; to deliver,legacy_unreviewed,legacy-runtime,
hsk26-v00438,en,although; even though,legacy_unreviewed,legacy-runtime,
hsk26-v00439,en,therefore; as a result,legacy_unreviewed,legacy-runtime,
hsk26-v00440,en,painful; sore,legacy_unreviewed,legacy-runtime,
hsk26-v00441,en,to kick; to play,legacy_unreviewed,legacy-runtime,
hsk26-v00442,en,topic; problem for discussion; CL: 个 [ge4]; 道 [dao4],legacy_unreviewed,legacy-runtime,
hsk26-v00443,en,strip; article; classifier for long thin things,legacy_unreviewed,legacy-runtime,
hsk26-v00444,en,to dance,legacy_unreviewed,legacy-runtime,
hsk26-v00445,en,head; hair style; CL: 个 [ge4],legacy_unreviewed,legacy-runtime,
hsk26-v00446,en,foreign country,legacy_unreviewed,legacy-runtime,
hsk26-v00447,en,outside; surface,legacy_unreviewed,legacy-runtime,
hsk26-v00448,en,to finish; to be over,legacy_unreviewed,legacy-runtime,
hsk26-v00449,en,ten thousand; a great number,legacy_unreviewed,legacy-runtime,
hsk26-v00450,en,toward; in the direction of,legacy_unreviewed,legacy-runtime,
hsk26-v00451,en,online,legacy_unreviewed,legacy-runtime,
hsk26-v00452,en,to forget; to overlook,legacy_unreviewed,legacy-runtime,
hsk26-v00453,en,classifier for people (honorific),legacy_unreviewed,legacy-runtime,
hsk26-v00454,en,why?; for what reason?,legacy_unreviewed,legacy-runtime,
hsk26-v00455,en,to hope; a hope; a wish; CL: 个 [ge4],legacy_unreviewed,legacy-runtime,
hsk26-v00456,en,to wash,legacy_unreviewed,legacy-runtime,
hsk26-v00457,en,toilet; lavatory,legacy_unreviewed,legacy-runtime,
hsk26-v00458,en,to come down,legacy_unreviewed,legacy-runtime,
hsk26-v00459,en,below; under,legacy_unreviewed,legacy-runtime,
hsk26-v00460,en,to go down; to descend,legacy_unreviewed,legacy-runtime,
hsk26-v00461,en,child; kid,legacy_unreviewed,legacy-runtime,
hsk26-v00462,en,in one's childhood,legacy_unreviewed,legacy-runtime,
hsk26-v00463,en,to laugh; to smile,legacy_unreviewed,legacy-runtime,
hsk26-v00464,en,family name; surname,legacy_unreviewed,legacy-runtime,
hsk26-v00465,en,surname and given name; full name,legacy_unreviewed,legacy-runtime,
hsk26-v00466,en,color; countenance,legacy_unreviewed,legacy-runtime,
hsk26-v00467,en,eye; CL: 只 [zhi1]; 双 [shuang1],legacy_unreviewed,legacy-runtime,
hsk26-v00468,en,medicine; CL: 种 [zhong3]; 服 [fu4]; 味 [wei4],legacy_unreviewed,legacy-runtime,
hsk26-v00469,en,pharmacy; drugstore,legacy_unreviewed,legacy-runtime,
hsk26-v00470,en,paternal grandfather; grandpa,legacy_unreviewed,legacy-runtime,
hsk26-v00471,en,a moment; a while,legacy_unreviewed,legacy-runtime,
hsk26-v00472,en,already,legacy_unreviewed,legacy-runtime,
hsk26-v00473,en,together; with each other,legacy_unreviewed,legacy-runtime,
hsk26-v00474,en,meaning; idea; CL: 个 [ge4],legacy_unreviewed,legacy-runtime,
hsk26-v00475,en,overcast; cloudy,legacy_unreviewed,legacy-runtime,
hsk26-v00476,en,because; owing to,legacy_unreviewed,legacy-runtime,
hsk26-v00477,en,to swim; to travel around,legacy_unreviewed,legacy-runtime,
hsk26-v00478,en,to swim; swimming,legacy_unreviewed,legacy-runtime,
hsk26-v00479,en,interesting; meaningful,legacy_unreviewed,legacy-runtime,
hsk26-v00480,en,sometimes; now and then,legacy_unreviewed,legacy-runtime,
hsk26-v00481,en,right; right-hand side,legacy_unreviewed,legacy-runtime,
hsk26-v00482,en,"right side; right, to the right",legacy_unreviewed,legacy-runtime,
hsk26-v00483,en,fish; CL: 条 [tiao2]; 尾 [wei3],legacy_unreviewed,legacy-runtime,
hsk26-v00484,en,far; distant,legacy_unreviewed,legacy-runtime,
hsk26-v00485,en,sport; exercise; to exercise; CL: 场 [chang3],legacy_unreviewed,legacy-runtime,
hsk26-v00486,en,station; stop,legacy_unreviewed,legacy-runtime,
hsk26-v00487,en,husband,legacy_unreviewed,legacy-runtime,
hsk26-v00488,en,so much; this much,legacy_unreviewed,legacy-runtime,
hsk26-v00489,en,this way; like this,legacy_unreviewed,legacy-runtime,
hsk26-v00490,en,aspect particle for ongoing state,legacy_unreviewed,legacy-runtime,
hsk26-v00491,en,just; exactly; currently,legacy_unreviewed,legacy-runtime,
hsk26-v00492,en,week,legacy_unreviewed,legacy-runtime,
hsk26-v00493,en,to prepare; preparation,legacy_unreviewed,legacy-runtime,
hsk26-v00494,en,oneself; one's own,legacy_unreviewed,legacy-runtime,
hsk26-v00495,en,to walk; to go,legacy_unreviewed,legacy-runtime,
hsk26-v00496,en,to walk; to go on foot,legacy_unreviewed,legacy-runtime,
hsk26-v00497,en,soccer; football; a soccer ball; a football; CL: 个 [ge4],legacy_unreviewed,legacy-runtime,
hsk26-v00498,en,most; -est,legacy_unreviewed,legacy-runtime,
hsk26-v00499,en,left,legacy_unreviewed,legacy-runtime,
hsk26-v00500,en,left side,legacy_unreviewed,legacy-runtime,
hsk26-v00501,en,auntie; maternal aunt; CL: 个 [ge4],legacy_unreviewed,legacy-runtime,
hsk26-v00502,en,short; low,legacy_unreviewed,legacy-runtime,
hsk26-v00503,en,spouse; partner; CL: 个 [ge4],legacy_unreviewed,legacy-runtime,
hsk26-v00504,en,quiet; peaceful,legacy_unreviewed,legacy-runtime,
hsk26-v00505,en,safe; secure; safety; security,legacy_unreviewed,legacy-runtime,
hsk26-v00506,en,BA preposition; handful classifier,legacy_unreviewed,legacy-runtime,
hsk26-v00507,en,to move; to carry,legacy_unreviewed,legacy-runtime,
hsk26-v00508,en,class; grade,legacy_unreviewed,legacy-runtime,
hsk26-v00509,en,to move house; to relocate,legacy_unreviewed,legacy-runtime,
hsk26-v00510,en,to handle; to manage,legacy_unreviewed,legacy-runtime,
hsk26-v00511,en,solution; way to handle something; CL: 条 [tiao2]; 个 [ge4],legacy_unreviewed,legacy-runtime,
hsk26-v00512,en,office; business premises,legacy_unreviewed,legacy-runtime,
hsk26-v00513,en,half a day; a long time; CL: 个 [ge4],legacy_unreviewed,legacy-runtime,
hsk26-v00514,en,to help; assistance,legacy_unreviewed,legacy-runtime,
hsk26-v00515,en,full; satisfied,legacy_unreviewed,legacy-runtime,
hsk26-v00516,en,newspaper; newsprint; CL: 份 [fen4]; 期 [qi1]; 张 [zhang1],legacy_unreviewed,legacy-runtime,
hsk26-v00517,en,north,legacy_unreviewed,legacy-runtime,
hsk26-v00518,en,north; northern region,legacy_unreviewed,legacy-runtime,
hsk26-v00519,en,passive marker; by,legacy_unreviewed,legacy-runtime,
hsk26-v00520,en,notes; CL: 本 [ben3],legacy_unreviewed,legacy-runtime,
hsk26-v00521,en,relatively; comparatively; to compare,legacy_unreviewed,legacy-runtime,
hsk26-v00522,en,notebook; laptop; CL: 本 [ben3],legacy_unreviewed,legacy-runtime,
hsk26-v00523,en,for example,legacy_unreviewed,legacy-runtime,
hsk26-v00524,en,competition; match; CL: 场 [chang3]; 次 [ci4],legacy_unreviewed,legacy-runtime,
hsk26-v00525,en,must; have to,legacy_unreviewed,legacy-runtime,
hsk26-v00526,en,to change; to become different,legacy_unreviewed,legacy-runtime,
hsk26-v00527,en,one time; once over; classifier for actions,legacy_unreviewed,legacy-runtime,
hsk26-v00528,en,to change into; to turn into,legacy_unreviewed,legacy-runtime,
hsk26-v00529,en,to change; to vary; CL: 个 [ge4],legacy_unreviewed,legacy-runtime,
hsk26-v00530,en,to perform; performance; CL: 场 [chang3],legacy_unreviewed,legacy-runtime,
hsk26-v00531,en,else; other,legacy_unreviewed,legacy-runtime,
hsk26-v00532,en,other people; others,legacy_unreviewed,legacy-runtime,
hsk26-v00533,en,hotel; guesthouse; CL: 个 [ge4]; 家 [jia1],legacy_unreviewed,legacy-runtime,
hsk26-v00534,en,ice; CL: 块 [kuai4],legacy_unreviewed,legacy-runtime,
hsk26-v00535,en,ice cream,legacy_unreviewed,legacy-runtime,
hsk26-v00536,en,refrigerator; icebox,legacy_unreviewed,legacy-runtime,
hsk26-v00537,en,sick person; patient; CL: 个 [ge4],legacy_unreviewed,legacy-runtime,
hsk26-v00538,en,not only,legacy_unreviewed,legacy-runtime,
hsk26-v00539,en,to disappear; not see,legacy_unreviewed,legacy-runtime,
hsk26-v00540,en,need not,legacy_unreviewed,legacy-runtime,
hsk26-v00541,en,different,legacy_unreviewed,legacy-runtime,
hsk26-v00542,en,not long; before too long,legacy_unreviewed,legacy-runtime,
hsk26-v00543,en,won't do; be out of the question,legacy_unreviewed,legacy-runtime,
hsk26-v00544,en,only then; just,legacy_unreviewed,legacy-runtime,
hsk26-v00545,en,menu; CL: 份 [fen4]; 张 [zhang1],legacy_unreviewed,legacy-runtime,
hsk26-v00546,en,to participate; to take part,legacy_unreviewed,legacy-runtime,
hsk26-v00547,en,grass; straw; CL: 棵 [ke1]; 撮 [zuo3]; 株 [zhu1]; 根 [gen1],legacy_unreviewed,legacy-runtime,
hsk26-v00548,en,lawn; meadow; CL: 片 [pian4],legacy_unreviewed,legacy-runtime,
hsk26-v00549,en,layer; floor; classifier for layers,legacy_unreviewed,legacy-runtime,
hsk26-v00550,en,to check; to look up,legacy_unreviewed,legacy-runtime,
hsk26-v00551,en,bad; poor; wrong,legacy_unreviewed,legacy-runtime,
hsk26-v00552,en,almost; about the same,legacy_unreviewed,legacy-runtime,
hsk26-v00553,en,to taste,legacy_unreviewed,legacy-runtime,
hsk26-v00554,en,often; usually,legacy_unreviewed,legacy-runtime,
hsk26-v00555,en,common; often seen,legacy_unreviewed,legacy-runtime,
hsk26-v00556,en,commonly used,legacy_unreviewed,legacy-runtime,
hsk26-v00557,en,often; frequently,legacy_unreviewed,legacy-runtime,
hsk26-v00558,en,shirt; blouse; CL: 件 [jian4],legacy_unreviewed,legacy-runtime,
hsk26-v00559,en,grade; score; achievement; CL: 项 [xiang4]; 个 [ge4],legacy_unreviewed,legacy-runtime,
hsk26-v00560,en,city; town; CL: 座 [zuo4],legacy_unreviewed,legacy-runtime,
hsk26-v00561,en,to arrive late,legacy_unreviewed,legacy-runtime,
hsk26-v00562,en,to set off; to start,legacy_unreviewed,legacy-runtime,
hsk26-v00563,en,to be born,legacy_unreviewed,legacy-runtime,
hsk26-v00564,en,to leave hospital; to be discharged from hospital,legacy_unreviewed,legacy-runtime,
hsk26-v00565,en,junior high school,legacy_unreviewed,legacy-runtime,
hsk26-v00566,en,apart from; besides,legacy_unreviewed,legacy-runtime,
hsk26-v00567,en,boat; vessel; CL: 条 [tiao2]; 艘 [sou1]; 只 [zhi1],legacy_unreviewed,legacy-runtime,
hsk26-v00568,en,spring; CL: 个 [ge4],legacy_unreviewed,legacy-runtime,
hsk26-v00569,en,word dictionary; CL: 部 [bu4]; 本 [ben3],legacy_unreviewed,legacy-runtime,
hsk26-v00570,en,intelligent; clever,legacy_unreviewed,legacy-runtime,
hsk26-v00571,en,to clean; to sweep,legacy_unreviewed,legacy-runtime,
hsk26-v00572,en,to plan; plan; CL: 个 [ge4],legacy_unreviewed,legacy-runtime,
hsk26-v00573,en,probably; roughly,legacy_unreviewed,legacy-runtime,
hsk26-v00574,en,adult; grownup,legacy_unreviewed,legacy-runtime,
hsk26-v00575,en,size,legacy_unreviewed,legacy-runtime,
hsk26-v00576,en,giant panda,legacy_unreviewed,legacy-runtime,
hsk26-v00577,en,overcoat; topcoat; CL: 件 [jian4],legacy_unreviewed,legacy-runtime,
hsk26-v00578,en,to bring; to take along; CL: 条 [tiao2],legacy_unreviewed,legacy-runtime,
hsk26-v00579,en,to worry; to be concerned,legacy_unreviewed,legacy-runtime,
hsk26-v00580,en,cake; CL: 块 [kuai4]; 个 [ge4],legacy_unreviewed,legacy-runtime,
hsk26-v00581,en,of course; naturally,legacy_unreviewed,legacy-runtime,
hsk26-v00582,en,everywhere,legacy_unreviewed,legacy-runtime,
hsk26-v00583,en,to get; to obtain,legacy_unreviewed,legacy-runtime,
hsk26-v00584,en,to obtain; to receive,legacy_unreviewed,legacy-runtime,
hsk26-v00585,en,to score; score,legacy_unreviewed,legacy-runtime,
hsk26-v00586,en,if,legacy_unreviewed,legacy-runtime,
hsk26-v00587,en,have to; need to,legacy_unreviewed,legacy-runtime,
hsk26-v00588,en,lamp; light; CL: 盏 [zhan3],legacy_unreviewed,legacy-runtime,
hsk26-v00589,en,ground; land; CL: 片 [pian4],legacy_unreviewed,legacy-runtime,
hsk26-v00590,en,place; site; CL: 个 [ge4],legacy_unreviewed,legacy-runtime,
hsk26-v00591,en,place; location; aspect; part; CL: 个 [ge4]; 处 [chu4],legacy_unreviewed,legacy-runtime,
hsk26-v00592,en,map; CL: 张 [zhang1]; 本 [ben3],legacy_unreviewed,legacy-runtime,
hsk26-v00593,en,lightning; electricity,legacy_unreviewed,legacy-runtime,
hsk26-v00594,en,elevator; escalator; CL: 台 [tai2]; 部 [bu4],legacy_unreviewed,legacy-runtime,
hsk26-v00595,en,electronic book; e-book,legacy_unreviewed,legacy-runtime,
hsk26-v00596,en,to lose; to put aside,legacy_unreviewed,legacy-runtime,
hsk26-v00597,en,east,legacy_unreviewed,legacy-runtime,
hsk26-v00598,en,northeast,legacy_unreviewed,legacy-runtime,
hsk26-v00599,en,the East; eastern direction,legacy_unreviewed,legacy-runtime,
hsk26-v00600,en,southeast,legacy_unreviewed,legacy-runtime,
hsk26-v00601,en,winter; CL: 个 [ge4],legacy_unreviewed,legacy-runtime,
hsk26-v00602,en,to understand; to know,legacy_unreviewed,legacy-runtime,
hsk26-v00603,en,animal; CL: 只 [zhi1]; 群 [qun2]; 个 [ge4],legacy_unreviewed,legacy-runtime,
hsk26-v00604,en,zoo; CL: 个 [ge4],legacy_unreviewed,legacy-runtime,
hsk26-v00605,en,short; brief,legacy_unreviewed,legacy-runtime,
hsk26-v00606,en,short pants; shorts,legacy_unreviewed,legacy-runtime,
hsk26-v00607,en,section; paragraph; classifier for sections,legacy_unreviewed,legacy-runtime,
hsk26-v00608,en,to exercise; to train,legacy_unreviewed,legacy-runtime,
hsk26-v00609,en,to talk; dialogue; conversation,legacy_unreviewed,legacy-runtime,
hsk26-v00610,en,hungry; to starve,legacy_unreviewed,legacy-runtime,
hsk26-v00611,en,but also; moreover,legacy_unreviewed,legacy-runtime,
hsk26-v00612,en,ear; handle; CL: 只 [zhi1]; 个 [ge4]; 对 [dui4],legacy_unreviewed,legacy-runtime,
hsk26-v00613,en,headphones; earphones,legacy_unreviewed,legacy-runtime,
hsk26-v00614,en,to send; to issue,legacy_unreviewed,legacy-runtime,
hsk26-v00615,en,to have a high temperature; to have a fever,legacy_unreviewed,legacy-runtime,
hsk26-v00616,en,to happen; to occur,legacy_unreviewed,legacy-runtime,
hsk26-v00617,en,to discover; to find,legacy_unreviewed,legacy-runtime,
hsk26-v00618,en,to develop; development,legacy_unreviewed,legacy-runtime,
hsk26-v00619,en,convenient; suitable,legacy_unreviewed,legacy-runtime,
hsk26-v00620,en,instant noodles,legacy_unreviewed,legacy-runtime,
hsk26-v00621,en,method; way; CL: 个 [ge4],legacy_unreviewed,legacy-runtime,
hsk26-v00622,en,direction; orientation; CL: 个 [ge4],legacy_unreviewed,legacy-runtime,
hsk26-v00623,en,house; building; CL: 栋 [dong4]; 幢 [zhuang4]; 座 [zuo4]; 套 [tao4]; 间 [jian1],legacy_unreviewed,legacy-runtime,
hsk26-v00624,en,to put; to place; to release,legacy_unreviewed,legacy-runtime,
hsk26-v00625,en,to have a holiday or vacation,legacy_unreviewed,legacy-runtime,
hsk26-v00626,en,to feel relieved; to feel reassured,legacy_unreviewed,legacy-runtime,
hsk26-v00627,en,school ends,legacy_unreviewed,legacy-runtime,
hsk26-v00628,en,to separate; to part,legacy_unreviewed,legacy-runtime,
hsk26-v00629,en,wind; CL: 阵 [zhen4]; 丝 [si1],legacy_unreviewed,legacy-runtime,
hsk26-v00630,en,classifier for letters,legacy_unreviewed,legacy-runtime,
hsk26-v00631,en,husband and wife; married couple,legacy_unreviewed,legacy-runtime,
hsk26-v00632,en,to serve; service; CL: 项 [xiang4],legacy_unreviewed,legacy-runtime,
hsk26-v00633,en,nearby; vicinity,legacy_unreviewed,legacy-runtime,
hsk26-v00634,en,to review; revision; CL: 次 [ci4],legacy_unreviewed,legacy-runtime,
hsk26-v00635,en,should; ought to,legacy_unreviewed,legacy-runtime,
hsk26-v00636,en,clean; neat,legacy_unreviewed,legacy-runtime,
hsk26-v00637,en,to be interested,legacy_unreviewed,legacy-runtime,
hsk26-v00638,en,to feel; to sense,legacy_unreviewed,legacy-runtime,
hsk26-v00639,en,to catch cold; cold; CL: 场 [chang2]; 次 [ci4],legacy_unreviewed,legacy-runtime,
hsk26-v00640,en,to do; to work on,legacy_unreviewed,legacy-runtime,
hsk26-v00641,en,just; exactly,legacy_unreviewed,legacy-runtime,
hsk26-v00642,en,just now,legacy_unreviewed,legacy-runtime,
hsk26-v00643,en,just now; just recently,legacy_unreviewed,legacy-runtime,
hsk26-v00644,en,high speed rail,legacy_unreviewed,legacy-runtime,
hsk26-v00645,en,according to; basis; CL: 个 [ge4],legacy_unreviewed,legacy-runtime,
hsk26-v00646,en,more; even more,legacy_unreviewed,legacy-runtime,
hsk26-v00647,en,kilogram,legacy_unreviewed,legacy-runtime,
hsk26-v00648,en,park; CL: 座 [zuo4],legacy_unreviewed,legacy-runtime,
hsk26-v00649,en,workday; working day,legacy_unreviewed,legacy-runtime,
hsk26-v00650,en,story,legacy_unreviewed,legacy-runtime,
hsk26-v00651,en,to blow; to scrape,legacy_unreviewed,legacy-runtime,
hsk26-v00652,en,to close; to shut,legacy_unreviewed,legacy-runtime,
hsk26-v00653,en,to turn off a device,legacy_unreviewed,legacy-runtime,
hsk26-v00654,en,relationship; connection; CL: 个 [ge4],legacy_unreviewed,legacy-runtime,
hsk26-v00655,en,to be concerned about; to care about,legacy_unreviewed,legacy-runtime,
hsk26-v00656,en,pertaining to; concerning,legacy_unreviewed,legacy-runtime,
hsk26-v00657,en,to pay attention to; to follow sth closely,legacy_unreviewed,legacy-runtime,
hsk26-v00658,en,country; nation; CL: 个 [ge4],legacy_unreviewed,legacy-runtime,
hsk26-v00659,en,to celebrate a festival,legacy_unreviewed,legacy-runtime,
hsk26-v00660,en,the past,legacy_unreviewed,legacy-runtime,
hsk26-v00661,en,ocean; sea; CL: 个 [ge4]; 片 [pian4],legacy_unreviewed,legacy-runtime,
hsk26-v00662,en,to be afraid; to be scared,legacy_unreviewed,legacy-runtime,
hsk26-v00663,en,many; quite a lot,legacy_unreviewed,legacy-runtime,
hsk26-v00664,en,quite a while,legacy_unreviewed,legacy-runtime,
hsk26-v00665,en,as if; to seem like,legacy_unreviewed,legacy-runtime,
hsk26-v00666,en,number; CL: 堆 [dui1]; 个 [ge4],legacy_unreviewed,legacy-runtime,
hsk26-v00667,en,river; CL: 条 [tiao2]; 道 [dao4],legacy_unreviewed,legacy-runtime,
hsk26-v00668,en,suitable; fitting,legacy_unreviewed,legacy-runtime,
hsk26-v00669,en,blackboard; CL: 块 [kuai4]; 个 [ge4],legacy_unreviewed,legacy-runtime,
hsk26-v00670,en,traffic light; traffic signal,legacy_unreviewed,legacy-runtime,
hsk26-v00671,en,later; afterwards,legacy_unreviewed,legacy-runtime,
hsk26-v00672,en,the year after next,legacy_unreviewed,legacy-runtime,
hsk26-v00673,en,the day after tomorrow,legacy_unreviewed,legacy-runtime,
hsk26-v00674,en,passport; CL: 本 [ben3]; 个 [ge4],legacy_unreviewed,legacy-runtime,
hsk26-v00675,en,garden; CL: 座 [zuo4],legacy_unreviewed,legacy-runtime,
hsk26-v00676,en,painter; CL: 个 [ge4],legacy_unreviewed,legacy-runtime,
hsk26-v00677,en,to welcome; welcome,legacy_unreviewed,legacy-runtime,
hsk26-v00678,en,to pay back; to return,legacy_unreviewed,legacy-runtime,
hsk26-v00679,en,environment; circumstances; CL: 个 [ge4],legacy_unreviewed,legacy-runtime,
hsk26-v00680,en,to exchange; to change,legacy_unreviewed,legacy-runtime,
hsk26-v00681,en,yellow color,legacy_unreviewed,legacy-runtime,
hsk26-v00682,en,to reply; to answer,legacy_unreviewed,legacy-runtime,
hsk26-v00683,en,meeting; gathering,legacy_unreviewed,legacy-runtime,
hsk26-v00684,en,meeting; conference; CL: 场 [chang3]; 届 [jie4],legacy_unreviewed,legacy-runtime,
hsk26-v00685,en,or; perhaps,legacy_unreviewed,legacy-runtime,
hsk26-v00686,en,or; possibly; maybe,legacy_unreviewed,legacy-runtime,
hsk26-v00687,en,fowl; chicken; CL: 只 [zhi1],legacy_unreviewed,legacy-runtime,
hsk26-v00688,en,nearly; almost,legacy_unreviewed,legacy-runtime,
hsk26-v00689,en,opportunity; chance; CL: 个 [ge4],legacy_unreviewed,legacy-runtime,
hsk26-v00690,en,extremely,legacy_unreviewed,legacy-runtime,
hsk26-v00691,en,urgent; anxious,legacy_unreviewed,legacy-runtime,
hsk26-v00692,en,to remember; to record,legacy_unreviewed,legacy-runtime,
hsk26-v00693,en,season; quarter,legacy_unreviewed,legacy-runtime,
hsk26-v00694,en,season; CL: 个 [ge4],legacy_unreviewed,legacy-runtime,
hsk26-v00695,en,to add; plus,legacy_unreviewed,legacy-runtime,
hsk26-v00696,en,vacation,legacy_unreviewed,legacy-runtime,
hsk26-v00697,en,to persevere with; to persist in,legacy_unreviewed,legacy-runtime,
hsk26-v00698,en,to check; inspection; CL: 次 [ci4],legacy_unreviewed,legacy-runtime,
hsk26-v00699,en,simple; not complicated,legacy_unreviewed,legacy-runtime,
hsk26-v00700,en,to inspect a ticket,legacy_unreviewed,legacy-runtime,
hsk26-v00701,en,healthy; health,legacy_unreviewed,legacy-runtime,
hsk26-v00702,en,to meet; to see each other; CL: 次 [ci4],legacy_unreviewed,legacy-runtime,
hsk26-v00703,en,to speak; to explain,legacy_unreviewed,legacy-runtime,
hsk26-v00704,en,jiao; angle; corner,legacy_unreviewed,legacy-runtime,
hsk26-v00705,en,foot; leg; CL: 双 [shuang1]; 只 [zhi1],legacy_unreviewed,legacy-runtime,
hsk26-v00706,en,to receive; to pick up,legacy_unreviewed,legacy-runtime,
hsk26-v00707,en,street; CL: 条 [tiao2],legacy_unreviewed,legacy-runtime,
hsk26-v00708,en,section; festival; classifier,legacy_unreviewed,legacy-runtime,
hsk26-v00709,en,to marry; to get married,legacy_unreviewed,legacy-runtime,
hsk26-v00710,en,program; show; item; act; CL: 个 [ge4]; 场 [chang3]; 项 [xiang4]; 台 [tai2]; 套 [tao4]; 档 [dang4],legacy_unreviewed,legacy-runtime,
hsk26-v00711,en,holiday; festival; CL: 个 [ge4],legacy_unreviewed,legacy-runtime,
hsk26-v00712,en,to finish; to end,legacy_unreviewed,legacy-runtime,
hsk26-v00713,en,to solve; to resolve,legacy_unreviewed,legacy-runtime,
hsk26-v00714,en,sisters; siblings,legacy_unreviewed,legacy-runtime,
hsk26-v00715,en,to borrow; to lend,legacy_unreviewed,legacy-runtime,
hsk26-v00716,en,catty; 500 grams,legacy_unreviewed,legacy-runtime,
hsk26-v00717,en,to pass by; through; process; CL: 个 [ge4],legacy_unreviewed,legacy-runtime,
hsk26-v00718,en,manager; director; CL: 个 [ge4]; 位 [wei4]; 名 [ming2],legacy_unreviewed,legacy-runtime,
hsk26-v00719,en,long time,legacy_unreviewed,legacy-runtime,
hsk26-v00720,en,alcohol; wine; CL: 杯 [bei1]; 瓶 [ping2]; 罐 [guan4]; 桶 [tong3]; 缸 [gang1],legacy_unreviewed,legacy-runtime,
hsk26-v00721,en,old; used,legacy_unreviewed,legacy-runtime,
hsk26-v00722,en,sentence; classifier for phrases,legacy_unreviewed,legacy-runtime,
hsk26-v00723,en,sentence; CL: 个 [ge4],legacy_unreviewed,legacy-runtime,
hsk26-v00724,en,to decide; decision; CL: 个 [ge4]; 项 [xiang4],legacy_unreviewed,legacy-runtime,
hsk26-v00725,en,card; CL: 张 [zhang1]; 片 [pian4],legacy_unreviewed,legacy-runtime,
hsk26-v00726,en,to bloom; to blossom,legacy_unreviewed,legacy-runtime,
hsk26-v00727,en,to hold a meeting; to attend a meeting,legacy_unreviewed,legacy-runtime,
hsk26-v00728,en,to turn on a machine,legacy_unreviewed,legacy-runtime,
hsk26-v00729,en,happy; cheerful,legacy_unreviewed,legacy-runtime,
hsk26-v00730,en,apparently; it seems,legacy_unreviewed,legacy-runtime,
hsk26-v00731,en,but; can; may,legacy_unreviewed,legacy-runtime,
hsk26-v00732,en,thirsty,legacy_unreviewed,legacy-runtime,
hsk26-v00733,en,adorable; cute,legacy_unreviewed,legacy-runtime,
hsk26-v00734,en,but; however; indeed,legacy_unreviewed,legacy-runtime,
hsk26-v00735,en,quarter hour; moment,legacy_unreviewed,legacy-runtime,
hsk26-v00736,en,textbook; CL: 本 [ben3],legacy_unreviewed,legacy-runtime,
hsk26-v00737,en,visitor; guest; CL: 位 [wei4],legacy_unreviewed,legacy-runtime,
hsk26-v00738,en,text; CL: 篇 [pian1],legacy_unreviewed,legacy-runtime,
hsk26-v00739,en,air conditioning; air conditioner; CL: 台 [tai2],legacy_unreviewed,legacy-runtime,
hsk26-v00740,en,to cry; to weep,legacy_unreviewed,legacy-runtime,
hsk26-v00741,en,chopsticks; CL: 对 [dui4]; 根 [gen1]; 把 [ba3]; 双 [shuang1],legacy_unreviewed,legacy-runtime,
hsk26-v00742,en,mineral water; CL: 瓶 [ping2]; 杯 [bei1],legacy_unreviewed,legacy-runtime,
hsk26-v00743,en,to come from,legacy_unreviewed,legacy-runtime,
hsk26-v00744,en,blue,legacy_unreviewed,legacy-runtime,
hsk26-v00745,en,old; aged,legacy_unreviewed,legacy-runtime,
hsk26-v00746,en,elderly person,legacy_unreviewed,legacy-runtime,
hsk26-v00747,en,to depart; to leave,legacy_unreviewed,legacy-runtime,
hsk26-v00748,en,gift; present; CL: 件 [jian4]; 个 [ge4]; 份 [fen4],legacy_unreviewed,legacy-runtime,
hsk26-v00749,en,history; CL: 门 [men2]; 段 [duan4],legacy_unreviewed,legacy-runtime,
hsk26-v00750,en,face; CL: 张 [zhang1]; 个 [ge4],legacy_unreviewed,legacy-runtime,
hsk26-v00751,en,to practice; to train,legacy_unreviewed,legacy-runtime,
hsk26-v00752,en,practice; exercise; CL: 个 [ge4],legacy_unreviewed,legacy-runtime,
hsk26-v00753,en,pleasantly cool; to cool oneself; to cool off,legacy_unreviewed,legacy-runtime,
hsk26-v00754,en,classifier for vehicles,legacy_unreviewed,legacy-runtime,
hsk26-v00755,en,to chat; to talk casually,legacy_unreviewed,legacy-runtime,
hsk26-v00756,en,to chat; to have a conversation,legacy_unreviewed,legacy-runtime,
hsk26-v00757,en,to understand; to know about,legacy_unreviewed,legacy-runtime,
hsk26-v00758,en,neighbor; CL: 个 [ge4],legacy_unreviewed,legacy-runtime,
hsk26-v00759,en,to study abroad,legacy_unreviewed,legacy-runtime,
hsk26-v00760,en,international student,legacy_unreviewed,legacy-runtime,
hsk26-v00761,en,stairs; staircase; CL: 个 [ge4],legacy_unreviewed,legacy-runtime,
hsk26-v00762,en,roadside,legacy_unreviewed,legacy-runtime,
hsk26-v00763,en,intersection,legacy_unreviewed,legacy-runtime,
hsk26-v00764,en,horse; CL: 匹 [pi3],legacy_unreviewed,legacy-runtime,
hsk26-v00765,en,road; street; CL: 条 [tiao2],legacy_unreviewed,legacy-runtime,
hsk26-v00766,en,at once; right away,legacy_unreviewed,legacy-runtime,
hsk26-v00767,en,satisfied; pleased,legacy_unreviewed,legacy-runtime,
hsk26-v00768,en,mao; ten cents,legacy_unreviewed,legacy-runtime,
hsk26-v00769,en,meter; rice,legacy_unreviewed,legacy-runtime,
hsk26-v00770,en,in front of; facing,legacy_unreviewed,legacy-runtime,
hsk26-v00771,en,to understand; clear,legacy_unreviewed,legacy-runtime,
hsk26-v00772,en,list of names,legacy_unreviewed,legacy-runtime,
hsk26-v00773,en,celebrity; famous person,legacy_unreviewed,legacy-runtime,
hsk26-v00774,en,south,legacy_unreviewed,legacy-runtime,
hsk26-v00775,en,difficult,legacy_unreviewed,legacy-runtime,
hsk26-v00776,en,south; southern direction,legacy_unreviewed,legacy-runtime,
hsk26-v00777,en,sad; upset,legacy_unreviewed,legacy-runtime,
hsk26-v00778,en,ugly; unsightly,legacy_unreviewed,legacy-runtime,
hsk26-v00779,en,a man; a male; CL: 个 [ge4],legacy_unreviewed,legacy-runtime,
hsk26-v00780,en,male student,legacy_unreviewed,legacy-runtime,
hsk26-v00781,en,difficult problem,legacy_unreviewed,legacy-runtime,
hsk26-v00782,en,unpleasant to hear,legacy_unreviewed,legacy-runtime,
hsk26-v00783,en,grade; year; CL: 个 [ge4],legacy_unreviewed,legacy-runtime,
hsk26-v00784,en,young,legacy_unreviewed,legacy-runtime,
hsk26-v00785,en,ox; cow; CL: 条 [tiao2]; 头 [tou2],legacy_unreviewed,legacy-runtime,
hsk26-v00786,en,to make an effort; to try hard,legacy_unreviewed,legacy-runtime,
hsk26-v00787,en,woman,legacy_unreviewed,legacy-runtime,
hsk26-v00788,en,female student,legacy_unreviewed,legacy-runtime,
hsk26-v00789,en,to crawl; to climb,legacy_unreviewed,legacy-runtime,
hsk26-v00790,en,to be afraid; to fear,legacy_unreviewed,legacy-runtime,
hsk26-v00791,en,to take a picture,legacy_unreviewed,legacy-runtime,
hsk26-v00792,en,tray; plate; CL: 个 [ge4],legacy_unreviewed,legacy-runtime,
hsk26-v00793,en,fat; plump,legacy_unreviewed,legacy-runtime,
hsk26-v00794,en,beer; CL: 杯 [bei1]; 瓶 [ping2]; 罐 [guan4]; 桶 [tong3]; 缸 [gang1],legacy_unreviewed,legacy-runtime,
hsk26-v00795,en,usually; in normal times,legacy_unreviewed,legacy-runtime,
hsk26-v00796,en,bottle; CL: 个 [ge4],legacy_unreviewed,legacy-runtime,
hsk26-v00797,en,to sit astride; to ride,legacy_unreviewed,legacy-runtime,
hsk26-v00798,en,strange; odd,legacy_unreviewed,legacy-runtime,
hsk26-v00799,en,actually; in fact,legacy_unreviewed,legacy-runtime,
hsk26-v00800,en,other; the rest,legacy_unreviewed,legacy-runtime,
hsk26-v00801,en,to rise; to get up,legacy_unreviewed,legacy-runtime,
hsk26-v00802,en,to take off; to lift off,legacy_unreviewed,legacy-runtime,
hsk26-v00803,en,car; automobile; CL: 辆 [liang4],legacy_unreviewed,legacy-runtime,
hsk26-v00804,en,pencil; CL: 支 [zhi1]; 枝 [zhi1]; 杆 [gan3],legacy_unreviewed,legacy-runtime,
hsk26-v00805,en,the year before last,legacy_unreviewed,legacy-runtime,
hsk26-v00806,en,the day before yesterday,legacy_unreviewed,legacy-runtime,
hsk26-v00807,en,clear; to understand clearly,legacy_unreviewed,legacy-runtime,
hsk26-v00808,en,to request leave of absence,legacy_unreviewed,legacy-runtime,
hsk26-v00809,en,to give a dinner party,legacy_unreviewed,legacy-runtime,
hsk26-v00810,en,autumn; CL: 个 [ge4],legacy_unreviewed,legacy-runtime,
hsk26-v00811,en,stadium; sports ground; CL: 个 [ge4]; 处 [chu4],legacy_unreviewed,legacy-runtime,
hsk26-v00812,en,skirt; CL: 条 [tiao2],legacy_unreviewed,legacy-runtime,
hsk26-v00813,en,then; after that,legacy_unreviewed,legacy-runtime,
hsk26-v00814,en,cordial; enthusiastic,legacy_unreviewed,legacy-runtime,
hsk26-v00815,en,to recognize,legacy_unreviewed,legacy-runtime,
hsk26-v00816,en,to think; to believe,legacy_unreviewed,legacy-runtime,
hsk26-v00817,en,conscientious; earnest,legacy_unreviewed,legacy-runtime,
hsk26-v00818,en,easy; straightforward,legacy_unreviewed,legacy-runtime,
hsk26-v00819,en,if; in case,legacy_unreviewed,legacy-runtime,
hsk26-v00820,en,umbrella; CL: 把 [ba3],legacy_unreviewed,legacy-runtime,
hsk26-v00821,en,to sweep; to sweep away; to wipe out,legacy_unreviewed,legacy-runtime,
hsk26-v00822,en,sofa; CL: 条 [tiao2]; 张 [zhang1],legacy_unreviewed,legacy-runtime,
hsk26-v00823,en,mountain; hill; CL: 座 [zuo4],legacy_unreviewed,legacy-runtime,
hsk26-v00824,en,upper garment; jacket; CL: 件 [jian4],legacy_unreviewed,legacy-runtime,
hsk26-v00825,en,spoon; ladle; CL: 把 [ba3],legacy_unreviewed,legacy-runtime,
hsk26-v00826,en,at one's side; around oneself,legacy_unreviewed,legacy-runtime,
hsk26-v00827,en,height,legacy_unreviewed,legacy-runtime,
hsk26-v00828,en,sound; voice; classifier for sounds,legacy_unreviewed,legacy-runtime,
hsk26-v00829,en,life; to live,legacy_unreviewed,legacy-runtime,
hsk26-v00830,en,to get angry; to be furious,legacy_unreviewed,legacy-runtime,
hsk26-v00831,en,voice; sound; CL: 个 [ge4],legacy_unreviewed,legacy-runtime,
hsk26-v00832,en,city; market,legacy_unreviewed,legacy-runtime,
hsk26-v00833,en,to try; to test,legacy_unreviewed,legacy-runtime,
hsk26-v00834,en,room; office,legacy_unreviewed,legacy-runtime,
hsk26-v00835,en,world; CL: 个 [ge4],legacy_unreviewed,legacy-runtime,
hsk26-v00836,en,to receive; to collect,legacy_unreviewed,legacy-runtime,
hsk26-v00837,en,to receive,legacy_unreviewed,legacy-runtime,
hsk26-v00838,en,to receive; to suffer,legacy_unreviewed,legacy-runtime,
hsk26-v00839,en,thin; to lose weight,legacy_unreviewed,legacy-runtime,
hsk26-v00840,en,to receive; to be affected by,legacy_unreviewed,legacy-runtime,
hsk26-v00841,en,father's younger brother; paternal uncle,legacy_unreviewed,legacy-runtime,
hsk26-v00842,en,tree; CL: 棵 [ke1],legacy_unreviewed,legacy-runtime,
hsk26-v00843,en,mathematics,legacy_unreviewed,legacy-runtime,
hsk26-v00844,en,to brush; to swipe,legacy_unreviewed,legacy-runtime,
hsk26-v00845,en,pair,legacy_unreviewed,legacy-runtime,
hsk26-v00846,en,level; standard,legacy_unreviewed,legacy-runtime,
hsk26-v00847,en,driver,legacy_unreviewed,legacy-runtime,
hsk26-v00848,en,the four seasons,legacy_unreviewed,legacy-runtime,
hsk26-v00849,en,sun,legacy_unreviewed,legacy-runtime,
hsk26-v00850,en,sugar; sweets; CL: 颗 [ke1]; 块 [kuai4],legacy_unreviewed,legacy-runtime,
hsk26-v00851,en,unusual; special; very; especially,legacy_unreviewed,legacy-runtime,
hsk26-v00852,en,to raise; to increase,legacy_unreviewed,legacy-runtime,
hsk26-v00853,en,sports; physical education,legacy_unreviewed,legacy-runtime,
hsk26-v00854,en,gym; gymnasium; CL: 个 [ge4],legacy_unreviewed,legacy-runtime,
hsk26-v00855,en,sweet,legacy_unreviewed,legacy-runtime,
hsk26-v00856,en,to jump; to hop,legacy_unreviewed,legacy-runtime,
hsk26-v00857,en,to hear; one hears,legacy_unreviewed,legacy-runtime,
hsk26-v00858,en,quite; rather,legacy_unreviewed,legacy-runtime,
hsk26-v00859,en,colleague; co-worker,legacy_unreviewed,legacy-runtime,
hsk26-v00860,en,to agree; to consent,legacy_unreviewed,legacy-runtime,
hsk26-v00861,en,hair,legacy_unreviewed,legacy-runtime,
hsk26-v00862,en,sudden; abrupt,legacy_unreviewed,legacy-runtime,
hsk26-v00863,en,library; CL: 家 [jia1]; 个 [ge4],legacy_unreviewed,legacy-runtime,
hsk26-v00864,en,leg; CL: 条 [tiao2],legacy_unreviewed,legacy-runtime,
hsk26-v00865,en,other place; out of town,legacy_unreviewed,legacy-runtime,
hsk26-v00866,en,takeout; food delivery,legacy_unreviewed,legacy-runtime,
hsk26-v00867,en,foreign language; CL: 门 [men2],legacy_unreviewed,legacy-runtime,
hsk26-v00868,en,to complete; to accomplish,legacy_unreviewed,legacy-runtime,
hsk26-v00869,en,bowl; CL: 只 [zhi1]; 个 [ge4],legacy_unreviewed,legacy-runtime,
hsk26-v00870,en,delayed; late,legacy_unreviewed,legacy-runtime,
hsk26-v00871,en,evening party; CL: 个 [ge4],legacy_unreviewed,legacy-runtime,
hsk26-v00872,en,tennis; tennis ball; CL: 个 [ge4],legacy_unreviewed,legacy-runtime,
hsk26-v00873,en,website,legacy_unreviewed,legacy-runtime,
hsk26-v00874,en,to forget,legacy_unreviewed,legacy-runtime,
hsk26-v00875,en,for; because of,legacy_unreviewed,legacy-runtime,
hsk26-v00876,en,for; for the purpose of,legacy_unreviewed,legacy-runtime,
hsk26-v00877,en,bathroom; toilet; CL: 间 [jian1],legacy_unreviewed,legacy-runtime,
hsk26-v00878,en,culture; civilization; CL: 个 [ge4]; 种 [zhong3],legacy_unreviewed,legacy-runtime,
hsk26-v00879,en,house; room; CL: 间 [jian1],legacy_unreviewed,legacy-runtime,
hsk26-v00880,en,west,legacy_unreviewed,legacy-runtime,
hsk26-v00881,en,Northwest China; northwest,legacy_unreviewed,legacy-runtime,
hsk26-v00882,en,the West; the Occident,legacy_unreviewed,legacy-runtime,
hsk26-v00883,en,watermelon; CL: 颗 [ke1]; 个 [ge5],legacy_unreviewed,legacy-runtime,
hsk26-v00884,en,southwest,legacy_unreviewed,legacy-runtime,
hsk26-v00885,en,habit; to be used to; CL: 个 [ge4],legacy_unreviewed,legacy-runtime,
hsk26-v00886,en,to be fond of; to love,legacy_unreviewed,legacy-runtime,
hsk26-v00887,en,washing machine; washer; CL: 台 [tai2],legacy_unreviewed,legacy-runtime,
hsk26-v00888,en,to bathe; to take a shower,legacy_unreviewed,legacy-runtime,
hsk26-v00889,en,summer; CL: 个 [ge4],legacy_unreviewed,legacy-runtime,
hsk26-v00890,en,first; before,legacy_unreviewed,legacy-runtime,
hsk26-v00891,en,banana; CL: 根 [gen1]; 个 [ge4]; 把 [ba3],legacy_unreviewed,legacy-runtime,
hsk26-v00892,en,to believe; to be convinced,legacy_unreviewed,legacy-runtime,
hsk26-v00893,en,suitcase; chest; CL: 只 [zhi1]; 个 [ge4],legacy_unreviewed,legacy-runtime,
hsk26-v00894,en,toward; direction,legacy_unreviewed,legacy-runtime,
hsk26-v00895,en,to resemble; to be like,legacy_unreviewed,legacy-runtime,
hsk26-v00896,en,camera,legacy_unreviewed,legacy-runtime,
hsk26-v00897,en,housing estate; community,legacy_unreviewed,legacy-runtime,
hsk26-v00898,en,to be careful; to take care,legacy_unreviewed,legacy-runtime,
hsk26-v00899,en,campus,legacy_unreviewed,legacy-runtime,
hsk26-v00900,en,president; headmaster; CL: 个 [ge4]; 位 [wei4]; 名 [ming2],legacy_unreviewed,legacy-runtime,
hsk26-v00901,en,shoe; CL: 双 [shuang1]; 只 [zhi1],legacy_unreviewed,legacy-runtime,
hsk26-v00902,en,in one's heart; mind,legacy_unreviewed,legacy-runtime,
hsk26-v00903,en,New Year; CL: 个 [ge4],legacy_unreviewed,legacy-runtime,
hsk26-v00904,en,news; CL: 条 [tiao2]; 个 [ge4],legacy_unreviewed,legacy-runtime,
hsk26-v00905,en,fresh,legacy_unreviewed,legacy-runtime,
hsk26-v00906,en,letter; to believe; CL: 封 [feng1],legacy_unreviewed,legacy-runtime,
hsk26-v00907,en,credit card,legacy_unreviewed,legacy-runtime,
hsk26-v00908,en,okay; all right,legacy_unreviewed,legacy-runtime,
hsk26-v00909,en,luggage; CL: 件 [jian4],legacy_unreviewed,legacy-runtime,
hsk26-v00910,en,interest; hobby; CL: 个 [ge4],legacy_unreviewed,legacy-runtime,
hsk26-v00911,en,to go on vacation; to have a holiday,legacy_unreviewed,legacy-runtime,
hsk26-v00912,en,to need; to want; needs,legacy_unreviewed,legacy-runtime,
hsk26-v00913,en,to choose; to pick,legacy_unreviewed,legacy-runtime,
hsk26-v00914,en,to choose; choice,legacy_unreviewed,legacy-runtime,
hsk26-v00915,en,term; semester; CL: 个 [ge4],legacy_unreviewed,legacy-runtime,
hsk26-v00916,en,tooth; ivory; CL: 颗 [ke1],legacy_unreviewed,legacy-runtime,
hsk26-v00917,en,toothbrush; CL: 把 [ba3],legacy_unreviewed,legacy-runtime,
hsk26-v00918,en,sheep; goat; CL: 头 [tou2]; 只 [zhi1],legacy_unreviewed,legacy-runtime,
hsk26-v00919,en,to raise; to bring up,legacy_unreviewed,legacy-runtime,
hsk26-v00920,en,to require; request; CL: 点 [dian3],legacy_unreviewed,legacy-runtime,
hsk26-v00921,en,page,legacy_unreviewed,legacy-runtime,
hsk26-v00922,en,surely; certainly,legacy_unreviewed,legacy-runtime,
hsk26-v00923,en,in total; altogether,legacy_unreviewed,legacy-runtime,
hsk26-v00924,en,together; in the same place,legacy_unreviewed,legacy-runtime,
hsk26-v00925,en,same; alike,legacy_unreviewed,legacy-runtime,
hsk26-v00926,en,after; later,legacy_unreviewed,legacy-runtime,
hsk26-v00927,en,before; previously,legacy_unreviewed,legacy-runtime,
hsk26-v00928,en,above; more than,legacy_unreviewed,legacy-runtime,
hsk26-v00929,en,outside; except for,legacy_unreviewed,legacy-runtime,
hsk26-v00930,en,to think mistakenly,legacy_unreviewed,legacy-runtime,
hsk26-v00931,en,below; less than,legacy_unreviewed,legacy-runtime,
hsk26-v00932,en,ordinary; general,legacy_unreviewed,legacy-runtime,
hsk26-v00933,en,one side; while doing sth,legacy_unreviewed,legacy-runtime,
hsk26-v00934,en,always; continuously,legacy_unreviewed,legacy-runtime,
hsk26-v00935,en,music; CL: 张 [zhang1]; 曲 [qu3]; 段 [duan4],legacy_unreviewed,legacy-runtime,
hsk26-v00936,en,bank; CL: 家 [jia1]; 个 [ge4],legacy_unreviewed,legacy-runtime,
hsk26-v00937,en,bank card,legacy_unreviewed,legacy-runtime,
hsk26-v00938,en,drink; beverage,legacy_unreviewed,legacy-runtime,
hsk26-v00939,en,should; be supposed to,legacy_unreviewed,legacy-runtime,
hsk26-v00940,en,influence; effect; CL: 股 [gu3],legacy_unreviewed,legacy-runtime,
hsk26-v00941,en,to use; to make use of,legacy_unreviewed,legacy-runtime,
hsk26-v00942,en,email; mail,legacy_unreviewed,legacy-runtime,
hsk26-v00943,en,tourist; visitor,legacy_unreviewed,legacy-runtime,
hsk26-v00944,en,game; to play; CL: 场 [chang3],legacy_unreviewed,legacy-runtime,
hsk26-v00945,en,mailbox; email inbox,legacy_unreviewed,legacy-runtime,
hsk26-v00946,en,related to; concerning,legacy_unreviewed,legacy-runtime,
hsk26-v00947,en,famous; well-known,legacy_unreviewed,legacy-runtime,
hsk26-v00948,en,useful,legacy_unreviewed,legacy-runtime,
hsk26-v00949,en,again; also,legacy_unreviewed,legacy-runtime,
hsk26-v00950,en,badminton; shuttlecock,legacy_unreviewed,legacy-runtime,
hsk26-v00951,en,language; CL: 门 [men2]; 种 [zhong3],legacy_unreviewed,legacy-runtime,
hsk26-v00952,en,raincoat; CL: 件 [jian4],legacy_unreviewed,legacy-runtime,
hsk26-v00953,en,to encounter; to meet,legacy_unreviewed,legacy-runtime,
hsk26-v00954,en,to meet; to come across,legacy_unreviewed,legacy-runtime,
hsk26-v00955,en,garden; park,legacy_unreviewed,legacy-runtime,
hsk26-v00956,en,person suffix; member,legacy_unreviewed,legacy-runtime,
hsk26-v00957,en,to be willing,legacy_unreviewed,legacy-runtime,
hsk26-v00958,en,more and more,legacy_unreviewed,legacy-runtime,
hsk26-v00959,en,the moon,legacy_unreviewed,legacy-runtime,
hsk26-v00960,en,sports competition; CL: 个 [ge4],legacy_unreviewed,legacy-runtime,
hsk26-v00961,en,athlete; CL: 名 [ming2]; 个 [ge4],legacy_unreviewed,legacy-runtime,
hsk26-v00962,en,we; us including you,legacy_unreviewed,legacy-runtime,
hsk26-v00963,en,dirty; filthy,legacy_unreviewed,legacy-runtime,
hsk26-v00964,en,what should be done,legacy_unreviewed,legacy-runtime,
hsk26-v00965,en,how; what kind,legacy_unreviewed,legacy-runtime,
hsk26-v00966,en,to stand,legacy_unreviewed,legacy-runtime,
hsk26-v00967,en,classifier for flat objects; sheet,legacy_unreviewed,legacy-runtime,
hsk26-v00968,en,to grow; chief,legacy_unreviewed,legacy-runtime,
hsk26-v00969,en,anxious; worried,legacy_unreviewed,legacy-runtime,
hsk26-v00970,en,according to; to shine,legacy_unreviewed,legacy-runtime,
hsk26-v00971,en,to take care of; to show consideration,legacy_unreviewed,legacy-runtime,
hsk26-v00972,en,photograph; picture; CL: 张 [zhang1]; 套 [tao4]; 幅 [fu2],legacy_unreviewed,legacy-runtime,
hsk26-v00973,en,to take a photograph,legacy_unreviewed,legacy-runtime,
hsk26-v00974,en,until,legacy_unreviewed,legacy-runtime,
hsk26-v00975,en,only; merely,legacy_unreviewed,legacy-runtime,
hsk26-v00976,en,paper; CL: 张 [zhang1]; 沓 [da2],legacy_unreviewed,legacy-runtime,
hsk26-v00977,en,can only; have no choice but,legacy_unreviewed,legacy-runtime,
hsk26-v00978,en,merely; only; simply,legacy_unreviewed,legacy-runtime,
hsk26-v00979,en,so long as; provided,legacy_unreviewed,legacy-runtime,
hsk26-v00980,en,only; only have,legacy_unreviewed,legacy-runtime,
hsk26-v00981,en,middle; China; Chinese,legacy_unreviewed,legacy-runtime,
hsk26-v00982,en,the middle; the inside,legacy_unreviewed,legacy-runtime,
hsk26-v00983,en,at last; in the end,legacy_unreviewed,legacy-runtime,
hsk26-v00984,en,kind; type,legacy_unreviewed,legacy-runtime,
hsk26-v00985,en,important; significant,legacy_unreviewed,legacy-runtime,
hsk26-v00986,en,weekend,legacy_unreviewed,legacy-runtime,
hsk26-v00987,en,main; principal,legacy_unreviewed,legacy-runtime,
hsk26-v00988,en,to take note of; to pay attention to,legacy_unreviewed,legacy-runtime,
hsk26-v00989,en,to stay in hospital; to be hospitalized,legacy_unreviewed,legacy-runtime,
hsk26-v00990,en,character dictionary; CL: 本 [ben3],legacy_unreviewed,legacy-runtime,
hsk26-v00991,en,bicycle; bike; CL: 辆 [liang4],legacy_unreviewed,legacy-runtime,
hsk26-v00992,en,noun suffix,legacy_unreviewed,legacy-runtime,
hsk26-v00993,en,always; overall,legacy_unreviewed,legacy-runtime,
hsk26-v00994,en,always; invariably,legacy_unreviewed,legacy-runtime,
hsk26-v00995,en,mouth; CL: 张 [zhang1]; 个 [ge4],legacy_unreviewed,legacy-runtime,
hsk26-v00996,en,best; had better ...; it would be best to ...,legacy_unreviewed,legacy-runtime,
hsk26-v00997,en,final; last; finally; in the end,legacy_unreviewed,legacy-runtime,
hsk26-v00998,en,recently; lately,legacy_unreviewed,legacy-runtime,
hsk26-v00999,en,to be a guest or visitor,legacy_unreviewed,legacy-runtime,
hsk26-v01000,en,school assignment; homework; CL: 个 [ge4],legacy_unreviewed,legacy-runtime,
