runtime_order,card_id,reading_id,level
1,hanzi_7231,hanzi_7231-legacy-reading,1
2,hanzi_516b,hanzi_516b-legacy-reading,1
3,hanzi_7238,hanzi_7238-legacy-reading,1
4,hanzi_5427,hanzi_5427-legacy-reading,1
5,hanzi_767d,hanzi_767d-legacy-reading,1
6,hanzi_767e,hanzi_767e-legacy-reading,1
7,hanzi_73ed,hanzi_73ed-legacy-reading,1
8,hanzi_534a,hanzi_534a-legacy-reading,1
9,hanzi_5305,hanzi_5305-legacy-reading,1
10,hanzi_676f,hanzi_676f-legacy-reading,1
11,hanzi_672c,hanzi_672c-legacy-reading,1
12,hanzi_8fb9,hanzi_8fb9-legacy-reading,1
13,hanzi_4fbf,hanzi_4fbf-legacy-reading,1
14,hanzi_75c5,hanzi_75c5-legacy-reading,1
15,hanzi_4e0d,hanzi_4e0d-legacy-reading,1
16,hanzi_83dc,hanzi_83dc-legacy-reading,1
17,hanzi_8336,hanzi_8336-legacy-reading,1
18,hanzi_5e38,hanzi_5e38-legacy-reading,1
19,hanzi_5531,hanzi_5531-legacy-reading,1
20,hanzi_8d85,hanzi_8d85-legacy-reading,1
21,hanzi_8f66,hanzi_8f66-legacy-reading,1
22,hanzi_5403,hanzi_5403-legacy-reading,1
23,hanzi_51fa,hanzi_51fa-legacy-reading,1
24,hanzi_7a7f,hanzi_7a7f-legacy-reading,1
25,hanzi_5e8a,hanzi_5e8a-legacy-reading,1
26,hanzi_6253,hanzi_6253-legacy-reading,1
27,hanzi_5927,hanzi_5927-legacy-reading,1
28,hanzi_86cb,hanzi_86cb-legacy-reading,1
29,hanzi_5230,hanzi_5230-legacy-reading,1
30,hanzi_9053,hanzi_9053-legacy-reading,1
31,hanzi_5f97,hanzi_5f97-legacy-reading,1
32,hanzi_7684,hanzi_7684-legacy-reading,1
33,hanzi_5f1f,hanzi_5f1f-legacy-reading,1
34,hanzi_7b2c,hanzi_7b2c-legacy-reading,1
35,hanzi_70b9,hanzi_70b9-legacy-reading,1
36,hanzi_7535,hanzi_7535-legacy-reading,1
37,hanzi_5e97,hanzi_5e97-legacy-reading,1
38,hanzi_4e1c,hanzi_4e1c-legacy-reading,1
39,hanzi_90fd,hanzi_90fd-legacy-reading,1
40,hanzi_8bfb,hanzi_8bfb-legacy-reading,1
41,hanzi_5bf9,hanzi_5bf9-legacy-reading,1
42,hanzi_591a,hanzi_591a-legacy-reading,1
43,hanzi_513f,hanzi_513f-legacy-reading,1
44,hanzi_4e8c,hanzi_4e8c-legacy-reading,1
45,hanzi_996d,hanzi_996d-legacy-reading,1
46,hanzi_623f,hanzi_623f-legacy-reading,1
47,hanzi_98de,hanzi_98de-legacy-reading,1
48,hanzi_975e,hanzi_975e-legacy-reading,1
49,hanzi_5206,hanzi_5206-legacy-reading,1
50,hanzi_670d,hanzi_670d-legacy-reading,1
51,hanzi_9ad8,hanzi_9ad8-legacy-reading,1
52,hanzi_54e5,hanzi_54e5-legacy-reading,1
53,hanzi_6b4c,hanzi_6b4c-legacy-reading,1
54,hanzi_4e2a,hanzi_4e2a-legacy-reading,1
55,hanzi_7ed9,hanzi_7ed9-legacy-reading,1
56,hanzi_5de5,hanzi_5de5-legacy-reading,1
57,hanzi_516c,hanzi_516c-legacy-reading,1
58,hanzi_72d7,hanzi_72d7-legacy-reading,1
59,hanzi_5173,hanzi_5173-legacy-reading,1
60,hanzi_8d35,hanzi_8d35-legacy-reading,1
61,hanzi_56fd,hanzi_56fd-legacy-reading,1
62,hanzi_679c,hanzi_679c-legacy-reading,1
63,hanzi_8fd8,hanzi_8fd8-legacy-reading,1
64,hanzi_5b69,hanzi_5b69-legacy-reading,1
65,hanzi_6c49,hanzi_6c49-legacy-reading,1
66,hanzi_597d,hanzi_597d-legacy-reading,1
67,hanzi_53f7,hanzi_53f7-legacy-reading,1
68,hanzi_559d,hanzi_559d-legacy-reading,1
69,hanzi_548c,hanzi_548c-legacy-reading,1
70,hanzi_5f88,hanzi_5f88-legacy-reading,1
71,hanzi_540e,hanzi_540e-legacy-reading,1
72,hanzi_5019,hanzi_5019-legacy-reading,1
73,hanzi_8bdd,hanzi_8bdd-legacy-reading,1
74,hanzi_6b22,hanzi_6b22-legacy-reading,1
75,hanzi_56de,hanzi_56de-legacy-reading,1
76,hanzi_4f1a,hanzi_4f1a-legacy-reading,1
77,hanzi_706b,hanzi_706b-legacy-reading,1
78,hanzi_673a,hanzi_673a-legacy-reading,1
79,hanzi_9e21,hanzi_9e21-legacy-reading,1
80,hanzi_51e0,hanzi_51e0-legacy-reading,1
81,hanzi_5bb6,hanzi_5bb6-legacy-reading,1
82,hanzi_95f4,hanzi_95f4-legacy-reading,1
83,hanzi_89c1,hanzi_89c1-legacy-reading,1
84,hanzi_4ef6,hanzi_4ef6-legacy-reading,1
85,hanzi_997a,hanzi_997a-legacy-reading,1
86,hanzi_53eb,hanzi_53eb-legacy-reading,1
87,hanzi_59d0,hanzi_59d0-legacy-reading,1
88,hanzi_4eca,hanzi_4eca-legacy-reading,1
89,hanzi_4e5d,hanzi_4e5d-legacy-reading,1
90,hanzi_89c9,hanzi_89c9-legacy-reading,1
91,hanzi_5f00,hanzi_5f00-legacy-reading,1
92,hanzi_770b,hanzi_770b-legacy-reading,1
93,hanzi_53ef,hanzi_53ef-legacy-reading,1
94,hanzi_5ba2,hanzi_5ba2-legacy-reading,1
95,hanzi_8bfe,hanzi_8bfe-legacy-reading,1
96,hanzi_53e3,hanzi_53e3-legacy-reading,1
97,hanzi_5757,hanzi_5757-legacy-reading,1
98,hanzi_6765,hanzi_6765-legacy-reading,1
99,hanzi_8001,hanzi_8001-legacy-reading,1
100,hanzi_4e86,hanzi_4e86-legacy-reading,1
101,hanzi_51b7,hanzi_51b7-legacy-reading,1
102,hanzi_91cc,hanzi_91cc-legacy-reading,1
103,hanzi_4e24,hanzi_4e24-legacy-reading,1
104,hanzi_4eae,hanzi_4eae-legacy-reading,1
105,hanzi_96f6,hanzi_96f6-legacy-reading,1
106,hanzi_516d,hanzi_516d-legacy-reading,1
107,hanzi_5988,hanzi_5988-legacy-reading,1
108,hanzi_5417,hanzi_5417-legacy-reading,1
109,hanzi_4e70,hanzi_4e70-legacy-reading,1
110,hanzi_5356,hanzi_5356-legacy-reading,1
111,hanzi_5fd9,hanzi_5fd9-legacy-reading,1
112,hanzi_732b,hanzi_732b-legacy-reading,1
113,hanzi_4e48,hanzi_4e48-legacy-reading,1
114,hanzi_6ca1,hanzi_6ca1-legacy-reading,1
115,hanzi_59b9,hanzi_59b9-legacy-reading,1
116,hanzi_4eec,hanzi_4eec-legacy-reading,1
117,hanzi_7c73,hanzi_7c73-legacy-reading,1
118,hanzi_9762,hanzi_9762-legacy-reading,1
119,hanzi_540d,hanzi_540d-legacy-reading,1
120,hanzi_660e,hanzi_660e-legacy-reading,1
121,hanzi_54ea,hanzi_54ea-legacy-reading,1
122,hanzi_90a3,hanzi_90a3-legacy-reading,1
123,hanzi_5976,hanzi_5976-legacy-reading,1
124,hanzi_7537,hanzi_7537-legacy-reading,1
125,hanzi_8111,hanzi_8111-legacy-reading,1
126,hanzi_5462,hanzi_5462-legacy-reading,1
127,hanzi_80fd,hanzi_80fd-legacy-reading,1
128,hanzi_4f60,hanzi_4f60-legacy-reading,1
129,hanzi_5e74,hanzi_5e74-legacy-reading,1
130,hanzi_60a8,hanzi_60a8-legacy-reading,1
131,hanzi_725b,hanzi_725b-legacy-reading,1
132,hanzi_5973,hanzi_5973-legacy-reading,1
133,hanzi_670b,hanzi_670b-legacy-reading,1
134,hanzi_6f02,hanzi_6f02-legacy-reading,1
135,hanzi_82f9,hanzi_82f9-legacy-reading,1
136,hanzi_4e03,hanzi_4e03-legacy-reading,1
137,hanzi_671f,hanzi_671f-legacy-reading,1
138,hanzi_8d77,hanzi_8d77-legacy-reading,1
139,hanzi_6c14,hanzi_6c14-legacy-reading,1
140,hanzi_5343,hanzi_5343-legacy-reading,1
141,hanzi_524d,hanzi_524d-legacy-reading,1
142,hanzi_94b1,hanzi_94b1-legacy-reading,1
143,hanzi_8bf7,hanzi_8bf7-legacy-reading,1
144,hanzi_53bb,hanzi_53bb-legacy-reading,1
145,hanzi_70ed,hanzi_70ed-legacy-reading,1
146,hanzi_4eba,hanzi_4eba-legacy-reading,1
147,hanzi_8ba4,hanzi_8ba4-legacy-reading,1
148,hanzi_65e5,hanzi_65e5-legacy-reading,1
149,hanzi_4e09,hanzi_4e09-legacy-reading,1
150,hanzi_5546,hanzi_5546-legacy-reading,1
151,hanzi_4e0a,hanzi_4e0a-legacy-reading,1
152,hanzi_5c11,hanzi_5c11-legacy-reading,1
153,hanzi_8c01,hanzi_8c01-legacy-reading,1
154,hanzi_4ec0,hanzi_4ec0-legacy-reading,1
155,hanzi_751f,hanzi_751f-legacy-reading,1
156,hanzi_5e08,hanzi_5e08-legacy-reading,1
157,hanzi_5341,hanzi_5341-legacy-reading,1
158,hanzi_65f6,hanzi_65f6-legacy-reading,1
159,hanzi_8bc6,hanzi_8bc6-legacy-reading,1
160,hanzi_58eb,hanzi_58eb-legacy-reading,1
161,hanzi_5e02,hanzi_5e02-legacy-reading,1
162,hanzi_4e8b,hanzi_4e8b-legacy-reading,1
163,hanzi_89c6,hanzi_89c6-legacy-reading,1
164,hanzi_662f,hanzi_662f-legacy-reading,1
165,hanzi_624b,hanzi_624b-legacy-reading,1
166,hanzi_4e66,hanzi_4e66-legacy-reading,1
167,hanzi_6c34,hanzi_6c34-legacy-reading,1
168,hanzi_7761,hanzi_7761-legacy-reading,1
169,hanzi_8bf4,hanzi_8bf4-legacy-reading,1
170,hanzi_53f8,hanzi_53f8-legacy-reading,1
171,hanzi_56db,hanzi_56db-legacy-reading,1
172,hanzi_5c81,hanzi_5c81-legacy-reading,1
173,hanzi_4ed6,hanzi_4ed6-legacy-reading,1
174,hanzi_5b83,hanzi_5b83-legacy-reading,1
175,hanzi_5979,hanzi_5979-legacy-reading,1
176,hanzi_592a,hanzi_592a-legacy-reading,1
177,hanzi_9898,hanzi_9898-legacy-reading,1
178,hanzi_5929,hanzi_5929-legacy-reading,1
179,hanzi_6761,hanzi_6761-legacy-reading,1
180,hanzi_542c,hanzi_542c-legacy-reading,1
181,hanzi_540c,hanzi_540c-legacy-reading,1
182,hanzi_5916,hanzi_5916-legacy-reading,1
183,hanzi_73a9,hanzi_73a9-legacy-reading,1
184,hanzi_665a,hanzi_665a-legacy-reading,1
185,hanzi_5582,hanzi_5582-legacy-reading,1
186,hanzi_6587,hanzi_6587-legacy-reading,1
187,hanzi_95ee,hanzi_95ee-legacy-reading,1
188,hanzi_6211,hanzi_6211-legacy-reading,1
189,hanzi_4e94,hanzi_4e94-legacy-reading,1
190,hanzi_5348,hanzi_5348-legacy-reading,1
191,hanzi_897f,hanzi_897f-legacy-reading,1
192,hanzi_606f,hanzi_606f-legacy-reading,1
193,hanzi_4e60,hanzi_4e60-legacy-reading,1
194,hanzi_559c,hanzi_559c-legacy-reading,1
195,hanzi_7cfb,hanzi_7cfb-legacy-reading,1
196,hanzi_4e0b,hanzi_4e0b-legacy-reading,1
197,hanzi_5148,hanzi_5148-legacy-reading,1
198,hanzi_73b0,hanzi_73b0-legacy-reading,1
199,hanzi_60f3,hanzi_60f3-legacy-reading,1
200,hanzi_5c0f,hanzi_5c0f-legacy-reading,1
201,hanzi_6821,hanzi_6821-legacy-reading,1
202,hanzi_4e9b,hanzi_4e9b-legacy-reading,1
203,hanzi_5199,hanzi_5199-legacy-reading,1
204,hanzi_8c22,hanzi_8c22-legacy-reading,1
205,hanzi_65b0,hanzi_65b0-legacy-reading,1
206,hanzi_661f,hanzi_661f-legacy-reading,1
207,hanzi_5174,hanzi_5174-legacy-reading,1
208,hanzi_4f11,hanzi_4f11-legacy-reading,1
209,hanzi_5b66,hanzi_5b66-legacy-reading,1
210,hanzi_96ea,hanzi_96ea-legacy-reading,1
211,hanzi_6837,hanzi_6837-legacy-reading,1
212,hanzi_8981,hanzi_8981-legacy-reading,1
213,hanzi_4e5f,hanzi_4e5f-legacy-reading,1
214,hanzi_4e00,hanzi_4e00-legacy-reading,1
215,hanzi_8863,hanzi_8863-legacy-reading,1
216,hanzi_533b,hanzi_533b-legacy-reading,1
217,hanzi_5b9c,hanzi_5b9c-legacy-reading,1
218,hanzi_4ee5,hanzi_4ee5-legacy-reading,1
219,hanzi_6905,hanzi_6905-legacy-reading,1
220,hanzi_5f71,hanzi_5f71-legacy-reading,1
221,hanzi_53cb,hanzi_53cb-legacy-reading,1
222,hanzi_6709,hanzi_6709-legacy-reading,1
223,hanzi_96e8,hanzi_96e8-legacy-reading,1
224,hanzi_8bed,hanzi_8bed-legacy-reading,1
225,hanzi_5143,hanzi_5143-legacy-reading,1
226,hanzi_9662,hanzi_9662-legacy-reading,1
227,hanzi_6708,hanzi_6708-legacy-reading,1
228,hanzi_518d,hanzi_518d-legacy-reading,1
229,hanzi_5728,hanzi_5728-legacy-reading,1
230,hanzi_65e9,hanzi_65e9-legacy-reading,1
231,hanzi_600e,hanzi_600e-legacy-reading,1
232,hanzi_627e,hanzi_627e-legacy-reading,1
233,hanzi_8fd9,hanzi_8fd9-legacy-reading,1
234,hanzi_771f,hanzi_771f-legacy-reading,1
235,hanzi_6b63,hanzi_6b63-legacy-reading,1
236,hanzi_77e5,hanzi_77e5-legacy-reading,1
237,hanzi_53ea,hanzi_53ea-legacy-reading,1
238,hanzi_4e2d,hanzi_4e2d-legacy-reading,1
239,hanzi_949f,hanzi_949f-legacy-reading,1
240,hanzi_4f4f,hanzi_4f4f-legacy-reading,1
241,hanzi_684c,hanzi_684c-legacy-reading,1
242,hanzi_5b50,hanzi_5b50-legacy-reading,1
243,hanzi_5b57,hanzi_5b57-legacy-reading,1
244,hanzi_79df,hanzi_79df-legacy-reading,1
245,hanzi_6628,hanzi_6628-legacy-reading,1
246,hanzi_4f5c,hanzi_4f5c-legacy-reading,1
247,hanzi_5750,hanzi_5750-legacy-reading,1
248,hanzi_505a,hanzi_505a-legacy-reading,1
249,hanzi_554a,hanzi_554a-legacy-reading,2
250,hanzi_5e2e,hanzi_5e2e-legacy-reading,2
251,hanzi_5907,hanzi_5907-legacy-reading,2
252,hanzi_6bd4,hanzi_6bd4-legacy-reading,2
253,hanzi_7b14,hanzi_7b14-legacy-reading,2
254,hanzi_8868,hanzi_8868-legacy-reading,2
255,hanzi_522b,hanzi_522b-legacy-reading,2
256,hanzi_6b65,hanzi_6b65-legacy-reading,2
257,hanzi_573a,hanzi_573a-legacy-reading,2
258,hanzi_8bcd,hanzi_8bcd-legacy-reading,2
259,hanzi_6b21,hanzi_6b21-legacy-reading,2
260,hanzi_4ece,hanzi_4ece-legacy-reading,2
261,hanzi_9519,hanzi_9519-legacy-reading,2
262,hanzi_4f46,hanzi_4f46-legacy-reading,2
263,hanzi_5730,hanzi_5730-legacy-reading,2
264,hanzi_7b49,hanzi_7b49-legacy-reading,2
265,hanzi_61c2,hanzi_61c2-legacy-reading,2
266,hanzi_52a8,hanzi_52a8-legacy-reading,2
267,hanzi_5561,hanzi_5561-legacy-reading,2
268,hanzi_592b,hanzi_592b-legacy-reading,2
269,hanzi_544a,hanzi_544a-legacy-reading,2
270,hanzi_8ddf,hanzi_8ddf-legacy-reading,2
271,hanzi_9986,hanzi_9986-legacy-reading,2
272,hanzi_8fc7,hanzi_8fc7-legacy-reading,2
273,hanzi_9ed1,hanzi_9ed1-legacy-reading,2
274,hanzi_7ea2,hanzi_7ea2-legacy-reading,2
275,hanzi_82b1,hanzi_82b1-legacy-reading,2
276,hanzi_753b,hanzi_753b-legacy-reading,2
277,hanzi_574f,hanzi_574f-legacy-reading,2
278,hanzi_5df1,hanzi_5df1-legacy-reading,2
279,hanzi_8bb0,hanzi_8bb0-legacy-reading,2
280,hanzi_4ea4,hanzi_4ea4-legacy-reading,2
281,hanzi_6559,hanzi_6559-legacy-reading,2
282,hanzi_4ecb,hanzi_4ecb-legacy-reading,2
283,hanzi_8fd1,hanzi_8fd1-legacy-reading,2
284,hanzi_8fdb,hanzi_8fdb-legacy-reading,2
285,hanzi_7ecf,hanzi_7ecf-legacy-reading,2
286,hanzi_775b,hanzi_775b-legacy-reading,2
287,hanzi_9152,hanzi_9152-legacy-reading,2
288,hanzi_5c31,hanzi_5c31-legacy-reading,2
289,hanzi_5496,hanzi_5496-legacy-reading,2
290,hanzi_8003,hanzi_8003-legacy-reading,2
291,hanzi_88e4,hanzi_88e4-legacy-reading,2
292,hanzi_5feb,hanzi_5feb-legacy-reading,2
293,hanzi_7bee,hanzi_7bee-legacy-reading,2
294,hanzi_4e50,hanzi_4e50-legacy-reading,2
295,hanzi_7d2f,hanzi_7d2f-legacy-reading,2
296,hanzi_79bb,hanzi_79bb-legacy-reading,2
297,hanzi_697c,hanzi_697c-legacy-reading,2
298,hanzi_8def,hanzi_8def-legacy-reading,2
299,hanzi_65c5,hanzi_65c5-legacy-reading,2
300,hanzi_7eff,hanzi_7eff-legacy-reading,2
301,hanzi_6162,hanzi_6162-legacy-reading,2
302,hanzi_6bcf,hanzi_6bcf-legacy-reading,2
303,hanzi_95e8,hanzi_95e8-legacy-reading,2
304,hanzi_62ff,hanzi_62ff-legacy-reading,2
305,hanzi_9e1f,hanzi_9e1f-legacy-reading,2
306,hanzi_65c1,hanzi_65c1-legacy-reading,2
307,hanzi_8dd1,hanzi_8dd1-legacy-reading,2
308,hanzi_7968,hanzi_7968-legacy-reading,2
309,hanzi_59bb,hanzi_59bb-legacy-reading,2
310,hanzi_60c5,hanzi_60c5-legacy-reading,2
311,hanzi_6674,hanzi_6674-legacy-reading,2
312,hanzi_7403,hanzi_7403-legacy-reading,2
313,hanzi_7136,hanzi_7136-legacy-reading,2
314,hanzi_8ba9,hanzi_8ba9-legacy-reading,2
315,hanzi_8089,hanzi_8089-legacy-reading,2
316,hanzi_8272,hanzi_8272-legacy-reading,2
317,hanzi_7ecd,hanzi_7ecd-legacy-reading,2
318,hanzi_8eab,hanzi_8eab-legacy-reading,2
319,hanzi_59cb,hanzi_59cb-legacy-reading,2
320,hanzi_8bd5,hanzi_8bd5-legacy-reading,2
321,hanzi_5ba4,hanzi_5ba4-legacy-reading,2
322,hanzi_8212,hanzi_8212-legacy-reading,2
323,hanzi_601d,hanzi_601d-legacy-reading,2
324,hanzi_9001,hanzi_9001-legacy-reading,2
325,hanzi_8bc9,hanzi_8bc9-legacy-reading,2
326,hanzi_867d,hanzi_867d-legacy-reading,2
327,hanzi_6240,hanzi_6240-legacy-reading,2
328,hanzi_75bc,hanzi_75bc-legacy-reading,2
329,hanzi_8e22,hanzi_8e22-legacy-reading,2
330,hanzi_4f53,hanzi_4f53-legacy-reading,2
331,hanzi_8df3,hanzi_8df3-legacy-reading,2
332,hanzi_94c1,hanzi_94c1-legacy-reading,2
333,hanzi_5934,hanzi_5934-legacy-reading,2
334,hanzi_5b8c,hanzi_5b8c-legacy-reading,2
335,hanzi_4e07,hanzi_4e07-legacy-reading,2
336,hanzi_7f51,hanzi_7f51-legacy-reading,2
337,hanzi_5f80,hanzi_5f80-legacy-reading,2
338,hanzi_5fd8,hanzi_5fd8-legacy-reading,2
339,hanzi_671b,hanzi_671b-legacy-reading,2
340,hanzi_4e3a,hanzi_4e3a-legacy-reading,2
341,hanzi_4f4d,hanzi_4f4d-legacy-reading,2
342,hanzi_821e,hanzi_821e-legacy-reading,2
343,hanzi_5e0c,hanzi_5e0c-legacy-reading,2
344,hanzi_6d17,hanzi_6d17-legacy-reading,2
345,hanzi_7b11,hanzi_7b11-legacy-reading,2
346,hanzi_59d3,hanzi_59d3-legacy-reading,2
347,hanzi_989c,hanzi_989c-legacy-reading,2
348,hanzi_773c,hanzi_773c-legacy-reading,2
349,hanzi_836f,hanzi_836f-legacy-reading,2
350,hanzi_7237,hanzi_7237-legacy-reading,2
351,hanzi_5df2,hanzi_5df2-legacy-reading,2
352,hanzi_610f,hanzi_610f-legacy-reading,2
353,hanzi_56e0,hanzi_56e0-legacy-reading,2
354,hanzi_9634,hanzi_9634-legacy-reading,2
355,hanzi_6cf3,hanzi_6cf3-legacy-reading,2
356,hanzi_6e38,hanzi_6e38-legacy-reading,2
357,hanzi_53f3,hanzi_53f3-legacy-reading,2
358,hanzi_9c7c,hanzi_9c7c-legacy-reading,2
359,hanzi_8fdc,hanzi_8fdc-legacy-reading,2
360,hanzi_8fd0,hanzi_8fd0-legacy-reading,2
361,hanzi_7ad9,hanzi_7ad9-legacy-reading,2
362,hanzi_957f,hanzi_957f-legacy-reading,2
363,hanzi_4e08,hanzi_4e08-legacy-reading,2
364,hanzi_7740,hanzi_7740-legacy-reading,2
365,hanzi_5468,hanzi_5468-legacy-reading,2
366,hanzi_51c6,hanzi_51c6-legacy-reading,2
367,hanzi_81ea,hanzi_81ea-legacy-reading,2
368,hanzi_8d70,hanzi_8d70-legacy-reading,2
369,hanzi_8db3,hanzi_8db3-legacy-reading,2
370,hanzi_6700,hanzi_6700-legacy-reading,2
371,hanzi_5de6,hanzi_5de6-legacy-reading,2
372,hanzi_963f,hanzi_963f-legacy-reading,3
373,hanzi_77ee,hanzi_77ee-legacy-reading,3
374,hanzi_5b89,hanzi_5b89-legacy-reading,3
375,hanzi_628a,hanzi_628a-legacy-reading,3
376,hanzi_822c,hanzi_822c-legacy-reading,3
377,hanzi_642c,hanzi_642c-legacy-reading,3
378,hanzi_677f,hanzi_677f-legacy-reading,3
379,hanzi_529e,hanzi_529e-legacy-reading,3
380,hanzi_9971,hanzi_9971-legacy-reading,3
381,hanzi_62a5,hanzi_62a5-legacy-reading,3
382,hanzi_5317,hanzi_5317-legacy-reading,3
383,hanzi_88ab,hanzi_88ab-legacy-reading,3
384,hanzi_5fc5,hanzi_5fc5-legacy-reading,3
385,hanzi_53d8,hanzi_53d8-legacy-reading,3
386,hanzi_904d,hanzi_904d-legacy-reading,3
387,hanzi_5bbe,hanzi_5bbe-legacy-reading,3
388,hanzi_51b0,hanzi_51b0-legacy-reading,3
389,hanzi_624d,hanzi_624d-legacy-reading,3
390,hanzi_53c2,hanzi_53c2-legacy-reading,3
391,hanzi_8349,hanzi_8349-legacy-reading,3
392,hanzi_5c42,hanzi_5c42-legacy-reading,3
393,hanzi_67e5,hanzi_67e5-legacy-reading,3
394,hanzi_5dee,hanzi_5dee-legacy-reading,3
395,hanzi_5c1d,hanzi_5c1d-legacy-reading,3
396,hanzi_886c,hanzi_886c-legacy-reading,3
397,hanzi_6210,hanzi_6210-legacy-reading,3
398,hanzi_57ce,hanzi_57ce-legacy-reading,3
399,hanzi_8fdf,hanzi_8fdf-legacy-reading,3
400,hanzi_6301,hanzi_6301-legacy-reading,3
401,hanzi_521d,hanzi_521d-legacy-reading,3
402,hanzi_9664,hanzi_9664-legacy-reading,3
403,hanzi_695a,hanzi_695a-legacy-reading,3
404,hanzi_5904,hanzi_5904-legacy-reading,3
405,hanzi_8239,hanzi_8239-legacy-reading,3
406,hanzi_6625,hanzi_6625-legacy-reading,3
407,hanzi_806a,hanzi_806a-legacy-reading,3
408,hanzi_7b54,hanzi_7b54-legacy-reading,3
409,hanzi_5e26,hanzi_5e26-legacy-reading,3
410,hanzi_5355,hanzi_5355-legacy-reading,3
411,hanzi_62c5,hanzi_62c5-legacy-reading,3
412,hanzi_5f53,hanzi_5f53-legacy-reading,3
413,hanzi_706f,hanzi_706f-legacy-reading,3
414,hanzi_5178,hanzi_5178-legacy-reading,3
415,hanzi_8c03,hanzi_8c03-legacy-reading,3
416,hanzi_5b9a,hanzi_5b9a-legacy-reading,3
417,hanzi_4e22,hanzi_4e22-legacy-reading,3
418,hanzi_51ac,hanzi_51ac-legacy-reading,3
419,hanzi_77ed,hanzi_77ed-legacy-reading,3
420,hanzi_6bb5,hanzi_6bb5-legacy-reading,3
421,hanzi_953b,hanzi_953b-legacy-reading,3
422,hanzi_6735,hanzi_6735-legacy-reading,3
423,hanzi_997f,hanzi_997f-legacy-reading,3
424,hanzi_800c,hanzi_800c-legacy-reading,3
425,hanzi_8033,hanzi_8033-legacy-reading,3
426,hanzi_53d1,hanzi_53d1-legacy-reading,3
427,hanzi_6cd5,hanzi_6cd5-legacy-reading,3
428,hanzi_65b9,hanzi_65b9-legacy-reading,3
429,hanzi_653e,hanzi_653e-legacy-reading,3
430,hanzi_98ce,hanzi_98ce-legacy-reading,3
431,hanzi_5c01,hanzi_5c01-legacy-reading,3
432,hanzi_9644,hanzi_9644-legacy-reading,3
433,hanzi_590d,hanzi_590d-legacy-reading,3
434,hanzi_8be5,hanzi_8be5-legacy-reading,3
435,hanzi_6982,hanzi_6982-legacy-reading,3
436,hanzi_611f,hanzi_611f-legacy-reading,3
437,hanzi_5e72,hanzi_5e72-legacy-reading,3
438,hanzi_521a,hanzi_521a-legacy-reading,3
439,hanzi_7cd5,hanzi_7cd5-legacy-reading,3
440,hanzi_6839,hanzi_6839-legacy-reading,3
441,hanzi_66f4,hanzi_66f4-legacy-reading,3
442,hanzi_5171,hanzi_5171-legacy-reading,3
443,hanzi_6545,hanzi_6545-legacy-reading,3
444,hanzi_987e,hanzi_987e-legacy-reading,3
445,hanzi_74dc,hanzi_74dc-legacy-reading,3
446,hanzi_522e,hanzi_522e-legacy-reading,3
447,hanzi_602a,hanzi_602a-legacy-reading,3
448,hanzi_60ef,hanzi_60ef-legacy-reading,3
449,hanzi_6d77,hanzi_6d77-legacy-reading,3
450,hanzi_5bb3,hanzi_5bb3-legacy-reading,3
451,hanzi_5408,hanzi_5408-legacy-reading,3
452,hanzi_6cb3,hanzi_6cb3-legacy-reading,3
453,hanzi_4e4e,hanzi_4e4e-legacy-reading,3
454,hanzi_62a4,hanzi_62a4-legacy-reading,3
455,hanzi_5316,hanzi_5316-legacy-reading,3
456,hanzi_73af,hanzi_73af-legacy-reading,3
457,hanzi_6362,hanzi_6362-legacy-reading,3
458,hanzi_9ec4,hanzi_9ec4-legacy-reading,3
459,hanzi_5a5a,hanzi_5a5a-legacy-reading,3
460,hanzi_6d3b,hanzi_6d3b-legacy-reading,3
461,hanzi_6216,hanzi_6216-legacy-reading,3
462,hanzi_6fc0,hanzi_6fc0-legacy-reading,3
463,hanzi_7ea7,hanzi_7ea7-legacy-reading,3
464,hanzi_6781,hanzi_6781-legacy-reading,3
465,hanzi_6025,hanzi_6025-legacy-reading,3
466,hanzi_5b63,hanzi_5b63-legacy-reading,3
467,hanzi_7ee9,hanzi_7ee9-legacy-reading,3
468,hanzi_52a0,hanzi_52a0-legacy-reading,3
469,hanzi_5047,hanzi_5047-legacy-reading,3
470,hanzi_575a,hanzi_575a-legacy-reading,3
471,hanzi_68c0,hanzi_68c0-legacy-reading,3
472,hanzi_7b80,hanzi_7b80-legacy-reading,3
473,hanzi_5065,hanzi_5065-legacy-reading,3
474,hanzi_8bb2,hanzi_8bb2-legacy-reading,3
475,hanzi_8549,hanzi_8549-legacy-reading,3
476,hanzi_89d2,hanzi_89d2-legacy-reading,3
477,hanzi_811a,hanzi_811a-legacy-reading,3
478,hanzi_8f83,hanzi_8f83-legacy-reading,3
479,hanzi_63a5,hanzi_63a5-legacy-reading,3
480,hanzi_8857,hanzi_8857-legacy-reading,3
481,hanzi_8282,hanzi_8282-legacy-reading,3
482,hanzi_7ed3,hanzi_7ed3-legacy-reading,3
483,hanzi_89e3,hanzi_89e3-legacy-reading,3
484,hanzi_754c,hanzi_754c-legacy-reading,3
485,hanzi_501f,hanzi_501f-legacy-reading,3
486,hanzi_65a4,hanzi_65a4-legacy-reading,3
487,hanzi_51c0,hanzi_51c0-legacy-reading,3
488,hanzi_5883,hanzi_5883-legacy-reading,3
489,hanzi_9759,hanzi_9759-legacy-reading,3
490,hanzi_4e45,hanzi_4e45-legacy-reading,3
491,hanzi_65e7,hanzi_65e7-legacy-reading,3
492,hanzi_5c45,hanzi_5c45-legacy-reading,3
493,hanzi_53e5,hanzi_53e5-legacy-reading,3
494,hanzi_636e,hanzi_636e-legacy-reading,3
495,hanzi_51b3,hanzi_51b3-legacy-reading,3
496,hanzi_5361,hanzi_5361-legacy-reading,3
497,hanzi_5eb7,hanzi_5eb7-legacy-reading,3
498,hanzi_6e34,hanzi_6e34-legacy-reading,3
499,hanzi_523b,hanzi_523b-legacy-reading,3
500,hanzi_7a7a,hanzi_7a7a-legacy-reading,3
501,hanzi_54ed,hanzi_54ed-legacy-reading,3
502,hanzi_7b77,hanzi_7b77-legacy-reading,3
503,hanzi_77ff,hanzi_77ff-legacy-reading,3
504,hanzi_84dd,hanzi_84dd-legacy-reading,3
505,hanzi_793c,hanzi_793c-legacy-reading,3
506,hanzi_674e,hanzi_674e-legacy-reading,3
507,hanzi_7406,hanzi_7406-legacy-reading,3
508,hanzi_529b,hanzi_529b-legacy-reading,3
509,hanzi_5386,hanzi_5386-legacy-reading,3
510,hanzi_8138,hanzi_8138-legacy-reading,3
511,hanzi_7ec3,hanzi_7ec3-legacy-reading,3
512,hanzi_70bc,hanzi_70bc-legacy-reading,3
513,hanzi_51c9,hanzi_51c9-legacy-reading,3
514,hanzi_8f86,hanzi_8f86-legacy-reading,3
515,hanzi_804a,hanzi_804a-legacy-reading,3
516,hanzi_6599,hanzi_6599-legacy-reading,3
517,hanzi_90bb,hanzi_90bb-legacy-reading,3
518,hanzi_51cc,hanzi_51cc-legacy-reading,3
519,hanzi_7559,hanzi_7559-legacy-reading,3
520,hanzi_9a6c,hanzi_9a6c-legacy-reading,3
521,hanzi_7801,hanzi_7801-legacy-reading,3
522,hanzi_6ee1,hanzi_6ee1-legacy-reading,3
523,hanzi_6bdb,hanzi_6bdb-legacy-reading,3
524,hanzi_5192,hanzi_5192-legacy-reading,3
525,hanzi_672b,hanzi_672b-legacy-reading,3
526,hanzi_76ee,hanzi_76ee-legacy-reading,3
527,hanzi_5357,hanzi_5357-legacy-reading,3
528,hanzi_96be,hanzi_96be-legacy-reading,3
529,hanzi_52aa,hanzi_52aa-legacy-reading,3
530,hanzi_722c,hanzi_722c-legacy-reading,3
531,hanzi_6015,hanzi_6015-legacy-reading,3
532,hanzi_62cd,hanzi_62cd-legacy-reading,3
533,hanzi_76d8,hanzi_76d8-legacy-reading,3
534,hanzi_80d6,hanzi_80d6-legacy-reading,3
535,hanzi_5564,hanzi_5564-legacy-reading,3
536,hanzi_7247,hanzi_7247-legacy-reading,3
537,hanzi_5e73,hanzi_5e73-legacy-reading,3
538,hanzi_74f6,hanzi_74f6-legacy-reading,3
539,hanzi_5176,hanzi_5176-legacy-reading,3
540,hanzi_5947,hanzi_5947-legacy-reading,3
541,hanzi_9a91,hanzi_9a91-legacy-reading,3
542,hanzi_6c7d,hanzi_6c7d-legacy-reading,3
543,hanzi_94c5,hanzi_94c5-legacy-reading,3
544,hanzi_4e14,hanzi_4e14-legacy-reading,3
545,hanzi_8f7b,hanzi_8f7b-legacy-reading,3
546,hanzi_6e05,hanzi_6e05-legacy-reading,3
547,hanzi_79cb,hanzi_79cb-legacy-reading,3
548,hanzi_6c42,hanzi_6c42-legacy-reading,3
549,hanzi_533a,hanzi_533a-legacy-reading,3
550,hanzi_8da3,hanzi_8da3-legacy-reading,3
551,hanzi_5168,hanzi_5168-legacy-reading,3
552,hanzi_6cc9,hanzi_6cc9-legacy-reading,3
553,hanzi_88d9,hanzi_88d9-legacy-reading,3
554,hanzi_5bb9,hanzi_5bb9-legacy-reading,3
555,hanzi_5982,hanzi_5982-legacy-reading,3
556,hanzi_8d5b,hanzi_8d5b-legacy-reading,3
557,hanzi_4f1e,hanzi_4f1e-legacy-reading,3
558,hanzi_626b,hanzi_626b-legacy-reading,3
559,hanzi_6c99,hanzi_6c99-legacy-reading,3
560,hanzi_5c71,hanzi_5c71-legacy-reading,3
561,hanzi_886b,hanzi_886b-legacy-reading,3
562,hanzi_70e7,hanzi_70e7-legacy-reading,3
563,hanzi_52fa,hanzi_52fa-legacy-reading,3
564,hanzi_58f0,hanzi_58f0-legacy-reading,3
565,hanzi_5b9e,hanzi_5b9e-legacy-reading,3
566,hanzi_53f2,hanzi_53f2-legacy-reading,3
567,hanzi_4e16,hanzi_4e16-legacy-reading,3
568,hanzi_9002,hanzi_9002-legacy-reading,3
569,hanzi_6536,hanzi_6536-legacy-reading,3
570,hanzi_53d7,hanzi_53d7-legacy-reading,3
571,hanzi_7626,hanzi_7626-legacy-reading,3
572,hanzi_53d4,hanzi_53d4-legacy-reading,3
573,hanzi_675f,hanzi_675f-legacy-reading,3
574,hanzi_6811,hanzi_6811-legacy-reading,3
575,hanzi_6570,hanzi_6570-legacy-reading,3
576,hanzi_5237,hanzi_5237-legacy-reading,3
577,hanzi_53cc,hanzi_53cc-legacy-reading,3
578,hanzi_7b97,hanzi_7b97-legacy-reading,3
579,hanzi_7cd6,hanzi_7cd6-legacy-reading,3
580,hanzi_7279,hanzi_7279-legacy-reading,3
581,hanzi_68af,hanzi_68af-legacy-reading,3
582,hanzi_63d0,hanzi_63d0-legacy-reading,3
583,hanzi_751c,hanzi_751c-legacy-reading,3
584,hanzi_633a,hanzi_633a-legacy-reading,3
585,hanzi_7a81,hanzi_7a81-legacy-reading,3
586,hanzi_56fe,hanzi_56fe-legacy-reading,3
587,hanzi_817f,hanzi_817f-legacy-reading,3
588,hanzi_7897,hanzi_7897-legacy-reading,3
589,hanzi_536b,hanzi_536b-legacy-reading,3
590,hanzi_95fb,hanzi_95fb-legacy-reading,3
591,hanzi_5c4b,hanzi_5c4b-legacy-reading,3
592,hanzi_52a1,hanzi_52a1-legacy-reading,3
593,hanzi_7269,hanzi_7269-legacy-reading,3
594,hanzi_620f,hanzi_620f-legacy-reading,3
595,hanzi_590f,hanzi_590f-legacy-reading,3
596,hanzi_9c9c,hanzi_9c9c-legacy-reading,3
597,hanzi_76f8,hanzi_76f8-legacy-reading,3
598,hanzi_9999,hanzi_9999-legacy-reading,3
599,hanzi_7bb1,hanzi_7bb1-legacy-reading,3
600,hanzi_54cd,hanzi_54cd-legacy-reading,3
601,hanzi_5411,hanzi_5411-legacy-reading,3
602,hanzi_50cf,hanzi_50cf-legacy-reading,3
603,hanzi_978b,hanzi_978b-legacy-reading,3
604,hanzi_5fc3,hanzi_5fc3-legacy-reading,3
605,hanzi_4fe1,hanzi_4fe1-legacy-reading,3
606,hanzi_884c,hanzi_884c-legacy-reading,3
607,hanzi_718a,hanzi_718a-legacy-reading,3
608,hanzi_987b,hanzi_987b-legacy-reading,3
609,hanzi_9700,hanzi_9700-legacy-reading,3
610,hanzi_9009,hanzi_9009-legacy-reading,3
611,hanzi_7259,hanzi_7259-legacy-reading,3
612,hanzi_8a00,hanzi_8a00-legacy-reading,3
613,hanzi_6f14,hanzi_6f14-legacy-reading,3
614,hanzi_7f8a,hanzi_7f8a-legacy-reading,3
615,hanzi_9633,hanzi_9633-legacy-reading,3
616,hanzi_517b,hanzi_517b-legacy-reading,3
617,hanzi_4e1a,hanzi_4e1a-legacy-reading,3
618,hanzi_9875,hanzi_9875-legacy-reading,3
619,hanzi_59e8,hanzi_59e8-legacy-reading,3
620,hanzi_8bae,hanzi_8bae-legacy-reading,3
621,hanzi_6613,hanzi_6613-legacy-reading,3
622,hanzi_97f3,hanzi_97f3-legacy-reading,3
623,hanzi_94f6,hanzi_94f6-legacy-reading,3
624,hanzi_996e,hanzi_996e-legacy-reading,3
625,hanzi_5e94,hanzi_5e94-legacy-reading,3
626,hanzi_8fce,hanzi_8fce-legacy-reading,3
627,hanzi_7528,hanzi_7528-legacy-reading,3
628,hanzi_90ae,hanzi_90ae-legacy-reading,3
629,hanzi_53c8,hanzi_53c8-legacy-reading,3
630,hanzi_4e8e,hanzi_4e8e-legacy-reading,3
631,hanzi_7fbd,hanzi_7fbd-legacy-reading,3
632,hanzi_80b2,hanzi_80b2-legacy-reading,3
633,hanzi_9047,hanzi_9047-legacy-reading,3
634,hanzi_5458,hanzi_5458-legacy-reading,3
635,hanzi_56ed,hanzi_56ed-legacy-reading,3
636,hanzi_613f,hanzi_613f-legacy-reading,3
637,hanzi_8d8a,hanzi_8d8a-legacy-reading,3
638,hanzi_54b1,hanzi_54b1-legacy-reading,3
639,hanzi_810f,hanzi_810f-legacy-reading,3
640,hanzi_6fa1,hanzi_6fa1-legacy-reading,3
641,hanzi_62e9,hanzi_62e9-legacy-reading,3
642,hanzi_5c55,hanzi_5c55-legacy-reading,3
643,hanzi_5f20,hanzi_5f20-legacy-reading,3
644,hanzi_7167,hanzi_7167-legacy-reading,3
645,hanzi_8005,hanzi_8005-legacy-reading,3
646,hanzi_76f4,hanzi_76f4-legacy-reading,3
647,hanzi_7eb8,hanzi_7eb8-legacy-reading,3
648,hanzi_7ec8,hanzi_7ec8-legacy-reading,3
649,hanzi_79cd,hanzi_79cd-legacy-reading,3
650,hanzi_91cd,hanzi_91cd-legacy-reading,3
651,hanzi_4e3b,hanzi_4e3b-legacy-reading,3
652,hanzi_52a9,hanzi_52a9-legacy-reading,3
653,hanzi_6ce8,hanzi_6ce8-legacy-reading,3
654,hanzi_603b,hanzi_603b-legacy-reading,3
655,hanzi_5634,hanzi_5634-legacy-reading,3
